seed,geometry,sigma_theta_deg,T_FP,v_FP,radial_closure_rate_FP,T_soft,v_at_soft,T_sustain,sustained,max_dist_after_FP,min_dist_after_FP,exit_count,time_in_sphere_frac,total_delta_v,peak_accel,control_energy,rmse_pos_x,rmse_pos_y,rmse_pos_z,rmse_dist,final_pos_err,final_vel_err,est_dist_bias,est_radial_vel_bias,nis_mean,nees_mean,are_fallback_count,controller_mean_step_ms
0,radial,0.008,20500.0,5.254413979762113e-05,4.300911769795182e-05,20500.0,5.254413979762113e-05,20500.0,True,0.0996479292757066,4.440985137692936e-07,0,1.0,0.10905355477404881,0.00012059837445628843,6.864076327399581e-06,31.217287916320036,2.793353004501192,1.7410629610925628,31.390335870975722,1.9182580119325018e-07,2.3011429649526505e-10,0.001919607782775984,6.684196111181615e-06,2.0220772881666655,5.109013325466521,0,3.902057749785819
0,radial,0.001,20490.0,5.3104880052114867e-05,4.36163244778536e-05,20490.0,5.3104880052114867e-05,20490.0,True,0.09965815053532906,4.56327742960825e-07,0,1.0,0.1094109210949657,0.00012040086453442778,6.842373629230799e-06,21.29862138396902,0.3324263404254806,0.455761032712496,21.306090637383726,2.348972662589836e-08,2.808717201466979e-11,0.00031482672686418926,2.2249879944723875e-06,2.021918928659713,5.0642620629808635,0,3.9378721371056074
2,radial,0.008,20500.0,5.2475305655991865e-05,4.294971139182392e-05,20500.0,5.2475305655991865e-05,20500.0,True,0.09981730126730694,4.062447929752946e-07,0,1.0,0.10898569061069478,0.00012817127456790102,6.867779659289917e-06,62.81273968975852,1.7456133127681226,1.9273656450404948,62.86654254451059,6.785991938844321e-09,1.2283903280942225e-11,0.003722118268634658,1.498281415205254e-07,2.019815431434298,6.567207345806885,0,4.087264077184042
1,radial,0.008,20510.0,5.282856144886046e-05,4.323437441062103e-05,20510.0,5.282856144886046e-05,20510.0,True,0.0998219030907129,4.4292218966856294e-07,0,1.0,0.10910148167804151,0.00012713339775979017,6.863781074258539e-06,43.871699839243824,2.0139333565458872,1.9267532988636231,43.96014504780433,5.988195295213023e-08,6.886216411138451e-11,0.003488876089637064,1.0724589137919028e-06,2.0140123050947953,7.593546739830676,0,3.9669209882613345
2,radial,0.001,20490.0,5.284637291281547e-05,4.330076191282598e-05,20490.0,5.284637291281547e-05,20490.0,True,0.09998878317072706,4.3904427616114473e-07,0,1.0,0.10917971066898884,0.00012817127456790102,6.854169437914967e-06,48.54816481681898,0.2679249459776935,0.6999325402438067,48.55394933904542,2.0849416554577957e-09,3.207789803955772e-12,0.002189390704704456,7.129156018626869e-07,2.0204270565268296,6.639549575759195,0,3.9422356491019994
3,radial,0.001,20500.0,5.354544036017497e-05,4.4094803235606556e-05,20500.0,5.354544036017497e-05,20500.0,True,0.09961858810106344,4.4928520081411955e-07,0,1.0,0.10982023690757853,0.00012150630765733103,6.834933662444869e-06,14.067055703170237,0.49863463549869114,0.6160491072732281,14.089365108420797,7.228967942439856e-09,9.636475588477054e-12,-0.00033210526153268176,-2.6367885315175616e-06,2.0106776268983872,5.58772936746149,0,4.023157768111337
1,radial,0.1,20720.0,5.344736204152865e-05,4.297324825299236e-05,20720.0,5.344736204152865e-05,20720.0,True,0.09983194998822717,3.88557312705418e-07,0,1.0,0.10883373582315183,0.00012713339775979017,6.988033666592824e-06,87.12036923481624,26.167043191305268,11.964967222402722,91.74875108479418,4.064265561422955e-07,3.2097602217552566e-10,0.01621488723202043,1.6534896564560614e-05,2.01402591752536,6.79884171771254,0,4.035016703259327
0,radial,0.1,20600.0,5.1864525816111453e-05,4.211330010346005e-05,20600.0,5.1864525816111453e-05,20600.0,True,0.09961097332432642,3.7652983022507546e-07,0,1.0,0.10905971432039605,0.00011891305464508927,6.9364127319335225e-06,62.63799428972247,21.432712118689075,7.6610193237361655,66.64511005678185,2.1810739666879135e-06,2.635271417217419e-09,0.005272176193681323,1.9057105429445556e-05,2.022094140324943,5.0519464714297495,0,4.043125729526814
1,radial,0.001,20500.0,5.3041364922773e-05,4.354244230291747e-05,20500.0,5.3041364922773e-05,20500.0,True,0.09967476639323705,4.440112195594461e-07,0,1.0,0.10937268721258105,0.00012713339775979017,6.84868664847372e-06,34.69402305158151,0.26949966521609175,0.5842127188740076,34.6999880414117,8.028578148623278e-09,9.154176796115742e-12,0.0013892300424560796,-1.8879069590698135e-07,2.013501726484683,7.536171058434958,0,4.023774653565078
2,radial,0.1,20520.0,5.134840471012324e-05,4.193883257771114e-05,20520.0,5.134840471012324e-05,20520.0,True,0.09975950969418579,8.934448121303635e-08,0,1.0,0.10874309120644865,0.00012817127456790102,6.922122873309251e-06,87.842636151768,11.950073554045835,6.25313005282025,88.87201257705651,3.946617689881591e-07,6.821311324674915e-10,0.006883267112151004,-3.964846738213625e-08,2.0192759642337177,6.496639831929025,0,4.04074317986038
4,radial,0.001,20500.0,5.365393943371868e-05,4.4210646862436545e-05,20500.0,5.365393943371868e-05,20500.0,True,0.0995730974435262,4.5253322653034866e-07,0,1.0,0.10994662210053384,0.0001163474315493565,6.834845042836188e-06,37.04342510801713,0.48170744370242335,0.6626765523452961,37.05248339865521,4.714529214352897e-09,8.785222247774189e-12,-0.0016092855599577655,-4.6076569387143915e-07,1.9726415117370615,5.677213676901509,0,4.259775510867195
3,radial,0.008,20480.0,5.45011510951936e-05,4.5083416714444366e-05,20480.0,5.45011510951936e-05,20480.0,True,0.09974663133847136,4.955416900183347e-07,0,1.0,0.11042951676560506,0.00012150630765733103,6.804839731637423e-06,51.294616251571384,3.838608130879204,4.076937531531045,51.59936034888833,8.044049476912637e-08,1.0542222913041501e-10,-0.003254532502015008,-9.074765733372733e-06,2.0106938879580922,5.6286574665657145,0,4.352369711793878
4,radial,0.1,20530.0,5.4430566041021074e-05,4.509894248066948e-05,20530.0,5.4430566041021074e-05,20530.0,True,0.09961058861828377,5.428490488378819e-07,0,1.0,0.11138818277080634,0.0001163474315493565,6.827530483118122e-06,106.89392305312906,23.470661734986166,9.98740051139955,109.89509050426923,4.4102046724103743e-07,7.040228222812534e-10,-0.005108278834712835,-3.913606808595128e-07,1.9728068568735762,5.774250406485702,0,4.293165499621751
3,radial,0.1,20340.0,5.564103970909989e-05,4.623155026128928e-05,20340.0,5.564103970909989e-05,20340.0,True,0.09973236051851551,9.049587928040361e-07,0,1.0,0.11053327241751974,0.00012150630765733103,6.706849008194783e-06,105.70077874791515,27.32430904315705,12.807184442573485,109.92404862425585,1.6260455132342478e-06,2.020686281946905e-09,-0.011045035051191079,-2.268514106438539e-05,2.0102556853424614,5.657154050680712,0,4.1966740701307765
6,radial,0.001,20490.0,5.292818971183464e-05,4.3405141857291696e-05,20490.0,5.292818971183464e-05,20490.0,True,0.09983822179835351,4.484076404108369e-07,0,1.0,0.10924488376798674,0.00012442743024969872,6.84941248911006e-06,39.518999090928894,0.38402137628137756,0.7963616901989101,39.52888758247438,4.0575534751396094e-08,5.2691593330879376e-11,0.0018720465717301867,1.1633626154452481e-06,2.0129962121211924,7.969324244668731,0,4.295587691560456
5,radial,0.001,20490.0,5.2959798815510665e-05,4.3457176368680464e-05,20490.0,5.2959798815510665e-05,20490.0,True,0.09971232228524045,4.5220472912523953e-07,0,1.0,0.10924586194338094,0.00012652045284647877,6.846707610044006e-06,38.65126770722698,0.47489101897001373,0.7914602335831528,38.66228687179496,1.679851876420016e-08,2.3206232658001106e-11,0.0014159204687615274,1.0529750710576027e-06,2.0197021636083443,9.748899242033984,0,4.232787418078889
5,radial,0.008,20480.0,5.329699571437944e-05,4.376401572305506e-05,20480.0,5.329699571437944e-05,20480.0,True,0.09984875283861405,4.6995162305188856e-07,0,1.0,0.1092339886649491,0.00012652045284647877,6.837315766199375e-06,44.19108570080174,2.713030694417801,2.353921869842266,44.33681922661773,1.3640636975079772e-07,1.8560030773989508e-10,0.0008447809562885942,2.313442453449954e-07,2.019308937686152,9.765109854366383,0,4.221510375656259
5,radial,0.1,20550.0,5.423945209272501e-05,4.445024697874679e-05,20550.0,5.423945209272501e-05,20550.0,True,0.0996503601197328,4.624888987169207e-07,0,1.0,0.10846963917904676,0.00012652045284647877,6.879746681893919e-06,75.14610432181941,7.274451256372006,5.2139882788765375,75.67721129639594,1.4742873709981188e-06,2.0104300610216044e-09,0.004411445590581145,4.269155404239673e-06,2.0192704587029486,9.805393467492935,0,4.2926240337249295
6,radial,0.008,20500.0,5.229441688576207e-05,4.274017638006483e-05,20500.0,5.229441688576207e-05,20500.0,True,0.09977737597339233,4.3403803547888607e-07,0,1.0,0.10880033367111884,0.00012413513497234682,6.8727282916175595e-06,72.21794272840046,2.7790326752082684,2.760290887299384,72.32408644645926,3.1119130398381684e-07,4.05309356383554e-10,0.004534443773205434,3.3831357157920892e-06,2.012892949133868,7.7215362024833345,0,4.245939970785661
4,radial,0.008,20500.0,5.398122650904179e-05,4.451419242933498e-05,20500.0,5.398122650904179e-05,20500.0,True,0.09988552203841027,4.5495892795552735e-07,0,1.0,0.11029865259195926,0.0001163474315493565,6.83522364006353e-06,61.75316510010404,3.7282732254133717,2.7068014224740056,61.92479467115535,3.518863057809913e-08,6.086866968028607e-11,-0.003119652126173165,5.124194296242404e-07,1.9728953516722394,5.747781257155968,0,4.301697301249465
6,radial,0.1,20570.0,5.14419542744096e-05,4.180935774447475e-05,20570.0,5.14419542744096e-05,20570.0,True,0.09978974344738972,3.6530942833122966e-07,0,1.0,0.10845979378736345,0.00012312946207235093,6.9449589333318e-06,117.5414767909555,17.459790142708307,9.045996023339411,119.17496835359519,3.6755728639712198e-06,4.8335395405846705e-09,0.01118716756750717,1.0730860312854912e-05,2.0131015206068317,7.273506896503251,0,3.515530415911436
7,radial,0.008,20510.0,5.100348083054005e-05,4.132282587565457e-05,20510.0,5.100348083054005e-05,20510.0,True,0.09961132646243477,4.312645525223815e-07,0,1.0,0.10781523831945197,0.00012906557064334447,6.92622663249015e-06,122.91268751646986,3.1801922188065332,4.611213709843501,123.0402603498049,3.608005586174175e-08,5.521850770064942e-11,0.008801542524606121,9.502975702311285e-06,2.047741092517457,5.903578569488065,0,3.502064916057681
8,radial,0.001,20490.0,5.353966030214075e-05,4.402853837924814e-05,20490.0,5.353966030214075e-05,20490.0,True,0.09999985119997273,4.4953579170241697e-07,0,1.0,0.1097387799282083,0.00012217711536600406,6.837920354540256e-06,23.2470693290103,0.43359635129529417,0.6834090919396013,23.261154016312556,3.20147479423497e-08,4.447266895776579e-11,-0.00033197426563667863,-1.3079594793407987e-06,2.0061693783374572,7.045920035288215,0,3.5252710247634287
8,radial,0.008,20500.0,5.31291805705633e-05,4.364702242482279e-05,20500.0,5.31291805705633e-05,20500.0,True,0.09965257904432494,4.4786923692814194e-07,0,1.0,0.10945947814941341,0.0001217321894940586,6.849952841448176e-06,34.20551753544279,2.744144439299471,1.9544877586717673,34.37103113044501,2.4979282244951984e-07,3.4464951685919984e-10,0.0008713559692050529,-1.1539814385143598e-06,2.006377856169802,7.084374543821275,0,3.484992213763502
7,radial,0.1,20650.0,4.966691815290899e-05,3.935804189111293e-05,20650.0,4.966691815290899e-05,20650.0,True,0.09973696918255454,3.611999559840163e-07,0,1.0,0.10736876773462956,0.00012906557064334447,7.07980870426644e-06,173.7874236358141,26.13891065264919,13.205064123263123,176.23758107333575,1.0666229523419088e-06,1.5708311642160298e-09,0.018523713056352413,2.3168801132414398e-05,2.0474959300065305,5.763723965077296,0,3.4761611962067946
7,radial,0.001,20490.0,5.2038970341199114e-05,4.247379379889339e-05,20490.0,5.2038970341199114e-05,20490.0,True,0.09968877673177202,4.4722373490751284e-07,0,1.0,0.1085256279265783,0.00012974579886584786,6.8777337444522205e-06,92.5179961392373,0.44821783319783043,1.8318315746909328,92.53721476121895,3.4055218823114054e-09,5.1648013123967134e-12,0.004817507826777297,4.405827374572377e-06,2.0484973562100324,5.91348639782286,0,3.528341848942114
8,radial,0.1,20540.0,5.2202914256981515e-05,4.253653973105582e-05,20540.0,5.2202914256981515e-05,20540.0,True,0.09988866721772384,4.555230598699438e-07,0,1.0,0.1088579578089658,0.00012159006782976075,6.9263733208893525e-06,76.01750279762035,19.009318017777883,8.993293969086128,78.87264569863011,3.046188423269732e-06,4.185809230153061e-09,0.004838672524436893,8.668635005867577e-07,2.0063597938102316,7.175760397909211,0,3.499599580768408
9,radial,0.008,20490.0,5.469485276574876e-05,4.5250330165938625e-05,20490.0,5.469485276574876e-05,20490.0,True,0.09984820007629462,4.766121151676782e-07,0,1.0,0.1107567079003083,0.00011060908084819101,6.823363784807643e-06,92.54293196927097,1.5102669003274238,2.5673347899291326,92.59085468610236,1.559523563603559e-07,1.551315616601203e-10,-0.005363056198503949,-2.8073002292468255e-06,2.0124016685384,3.5592411812120597,0,3.5440485047302235
9,radial,0.001,20490.0,5.4571233581790814e-05,4.511424675057624e-05,20490.0,5.4571233581790814e-05,20490.0,True,0.09992657715479483,4.6533366609885156e-07,0,1.0,0.11062519989803123,0.00011322905419546853,6.825395919350123e-06,82.86756408048302,0.32419174506190584,1.8262931203057577,82.88832018735691,1.7948871268371467e-08,1.7531898889171324e-11,-0.004476151355198895,-3.4768454539536083e-06,2.0173543884267833,3.5856640468854355,0,3.5024840813806897
9,radial,0.1,20420.0,5.578950723824379e-05,4.662148744592365e-05,20420.0,5.578950723824379e-05,20420.0,True,0.09957676022401851,6.075529342982319e-07,0,1.0,0.11217414199631888,0.00010806506494001184,6.760049747977984e-06,142.11520924311398,12.787218976164413,9.261655898850824,142.98959380789628,2.36657532536705e-06,2.388560750875771e-09,-0.013753772222783409,-1.170863725691617e-05,2.0122286770144933,4.365693368769104,0,3.4691076409262314
0,alongtrack,0.001,17570.0,7.343261496692841e-05,3.9200717642803294e-05,17570.0,7.343261496692841e-05,17570.0,True,0.09988118059714082,1.9913669350902053e-06,0,1.0,0.029564383255510217,1.2474148139623628e-05,1.65177674443913e-07,1.7470568497006416,26.86518757437226,1.005621700463249,26.940708714633583,1.9806065128683425e-08,1.6477394210461798e-11,0.0023410981913255815,2.363787755932837e-07,2.0226700034033107,6.398658366667228,0,3.7973646607965703
0,alongtrack,0.1,17570.0,7.275023309036943e-05,3.9191454881234776e-05,17570.0,7.275023309036943e-05,17570.0,True,0.09961573322504555,1.9874374012502083e-06,0,1.0,0.02950558445560227,1.2499126625189572e-05,1.6724896788161807e-07,28.919674437430082,86.16405800033385,9.690708102787042,91.4029664955425,2.0240436174718204e-06,1.7044873273727607e-09,0.017084542583788102,4.180972678308423e-06,2.0226221104766164,7.082595910986424,0,3.799545550515325
0,alongtrack,0.008,17580.0,7.346103100559061e-05,3.995543571620464e-05,17580.0,7.346103100559061e-05,17580.0,True,0.09982504325195801,1.9799319549670795e-06,0,1.0,0.029596210454802367,1.2566531945330078e-05,1.6616344171074676e-07,5.8812316664868,53.81232711574728,2.693319099173981,54.199717741857775,1.6128084922076528e-07,1.3554502075928644e-10,0.006478979791738164,7.186074090768394e-07,2.0226192087884196,6.463659022512512,0,3.781238512357579
1,alongtrack,0.008,17590.0,7.338826589110172e-05,4.038386596955844e-05,17590.0,7.338826589110172e-05,17590.0,True,0.09972347993088951,1.984315111887449e-06,0,1.0,0.029622538842228496,1.2406574854000997e-05,1.6455026530644703e-07,8.668263519926068,34.29771254870006,3.0869244898910435,35.51057562657113,8.876369595583971e-08,1.34315907876977e-10,0.0008226644241673412,-1.7450331507165655e-06,2.0133105067156647,8.644527182162205,0,3.7444158094737867
1,alongtrack,0.1,17630.0,7.174868460715182e-05,4.179118465621666e-05,17630.0,7.174868460715182e-05,17630.0,True,0.09964775522429575,2.0378227127875175e-06,0,1.0,0.02953154640154671,1.2451508391759883e-05,1.6426736129405208e-07,39.827951665780866,74.9603336755372,12.11503481727084,85.74433758134317,9.250601265387802e-07,1.4198707679607244e-09,-0.002227849794126363,8.074094721987078e-07,2.013391120645954,8.007977898061746,0,3.728542851591021
2,alongtrack,0.008,17570.0,7.335295024246306e-05,3.859576371685568e-05,17570.0,7.335295024246306e-05,17570.0,True,0.09963492718330207,2.0002708840870034e-06,0,1.0,0.029586325312223802,1.2246143689569718e-05,1.6307436959148124e-07,9.163021544717061,81.38200716828163,4.235584672831593,82.00568414499033,4.211701221565553e-08,5.129586068212707e-11,-0.008882339383853327,-2.868969102940357e-06,2.0191623513499497,6.3495985285779195,0,3.7227433628144433
1,alongtrack,0.001,17580.0,7.332279088694745e-05,3.961329035803903e-05,17580.0,7.332279088694745e-05,17580.0,True,0.0996378878520318,1.9917356717949784e-06,0,1.0,0.029573463138162673,1.2349136098868024e-05,1.6446040614750268e-07,1.9053119901544433,33.454258922613946,1.071362612400306,33.52559427792996,1.114323209505384e-08,1.6922908468383687e-11,0.0005629133504291037,-8.805795251164309e-07,2.013364067854398,8.643304872438497,0,3.8017015499632176
2,alongtrack,0.001,17560.0,7.335834048956639e-05,3.813220984992818e-05,17560.0,7.335834048956639e-05,17560.0,True,0.09985650695004553,2.0074803071105993e-06,0,1.0,0.029545469930162962,1.2428574330309257e-05,1.637233245891068e-07,3.322599247753706,76.80139072499355,2.3807656147521388,76.91008599635477,3.942419856128268e-09,5.006618538070087e-12,-0.00724172367746957,-1.4418494868572954e-06,2.0192953371969384,6.384094426714311,0,3.743719657381469
2,alongtrack,0.1,17540.0,7.47744770171407e-05,3.797198690626352e-05,17540.0,7.47744770171407e-05,17540.0,True,0.09997214746002014,1.943428260195153e-06,0,1.0,0.029800500014158106,1.216114888063849e-05,1.631406120260732e-07,38.326291895340574,103.7040887011178,11.004279522940926,111.10597117884876,5.448927009660019e-07,6.433069227484677e-10,-0.010178402959973394,-5.052331966421922e-06,2.0192251530619725,6.297059687193919,0,3.823805725677518
3,alongtrack,0.001,17580.0,7.324590897093286e-05,3.9057874680273186e-05,17580.0,7.324590897093286e-05,17580.0,True,0.09964019931459822,2.005405527308087e-06,0,1.0,0.02958869335222558,1.234115702439873e-05,1.6304368983371105e-07,5.308415840545115,98.56513073876332,3.571602867020373,98.77257019702058,3.537247656495544e-08,4.2380099422706314e-11,-0.010352922926009523,-4.175582188696978e-06,2.0108997572742457,6.68883035368696,0,3.804863548752817
3,alongtrack,0.1,17540.0,7.309810563091245e-05,3.5486499171789006e-05,17540.0,7.309810563091245e-05,17540.0,True,0.09979859218439796,2.1707379444126904e-06,0,1.0,0.029631626577606502,1.1800865139886599e-05,1.5733074492757365e-07,54.37008252020257,238.8628777658908,19.118967758372637,245.71755162381507,3.697015389879471e-06,4.360466246847419e-09,-0.03829521570310664,-9.928954838852859e-06,2.010446324856447,7.2833205533302925,0,3.782118690458879
3,alongtrack,0.008,17580.0,7.306828974925985e-05,3.813544310455911e-05,17580.0,7.306828974925985e-05,17580.0,True,0.0997477722421828,2.036350629255949e-06,0,1.0,0.029624854451187062,1.1809565677141488e-05,1.5924437212417513e-07,23.320847230808727,193.6635029836983,11.168790434200533,195.38207743609118,2.893586226316829e-07,3.438884059648555e-10,-0.02674986978025345,-9.792366198443482e-06,2.0106776312821224,6.8661518430004085,1,3.8360125456509038
4,alongtrack,0.001,17570.0,7.354427724362027e-05,3.969947686418861e-05,17570.0,7.354427724362027e-05,17570.0,True,0.09994321968126534,1.9793148723790604e-06,0,1.0,0.02954709171257858,1.2625305576234057e-05,1.665556222113927e-07,6.057231161330264,112.96724002048461,4.112585871528367,113.20424342637632,4.939513154356126e-09,4.2473059893923914e-12,0.01101067167151487,2.8514748573537793e-06,1.9750073647707347,5.618970026864406,0,3.8291590991114535
5,alongtrack,0.008,17530.0,7.3129450144796e-05,3.695267089169794e-05,17530.0,7.3129450144796e-05,17530.0,True,0.0996447252627702,2.010775858925831e-06,0,1.0,0.029396384503587655,1.2703671388900921e-05,1.6700482598972158e-07,13.482604107389802,78.29661324798073,5.843841198237044,79.66360988287367,7.316078438101902e-08,1.1840582553685296e-10,0.010314805814997335,8.399053558578452e-06,2.0203919132066304,7.087613713123762,0,3.7775020787787805
4,alongtrack,0.1,17630.0,7.383138332053034e-05,4.359734040416256e-05,17630.0,7.383138332053034e-05,17630.0,True,0.0996596515605255,1.904777670950642e-06,0,1.0,0.029641147598572868,1.2660289181029445e-05,1.692938062517477e-07,37.515311139524606,140.97042065234976,10.759029785313707,146.2730829329752,5.847751119289474e-07,4.453381384700415e-10,0.020370669008230348,2.220316258378168e-06,1.97395527433649,5.3864700905707945,0,3.84050286343993
4,alongtrack,0.008,17570.0,7.35433894479523e-05,3.976555584722473e-05,17570.0,7.35433894479523e-05,17570.0,True,0.09988920469427928,1.9733046835434694e-06,0,1.0,0.02952738686501476,1.2769435589440744e-05,1.6712241081921838e-07,9.846641875886277,112.93559901659522,4.911424787508349,113.47038369069037,4.361842847149898e-08,3.286293237523031e-11,0.012586756679423465,3.6386026962954106e-06,1.9739360398201424,5.502737735441484,1,3.786079011356567
5,alongtrack,0.1,17460.0,7.247533207515428e-05,3.291253203057453e-05,17460.0,7.247533207515428e-05,17460.0,True,0.09991119205022911,1.9899328764979267e-06,0,1.0,0.02894550406976531,1.2666988608637252e-05,1.6678224125564965e-07,49.40445645104868,130.2579967963447,15.627817371343326,140.18621445210712,9.411248099200436e-07,1.5037793203174029e-09,0.023636596076672213,1.718582073881704e-05,2.0204278214007925,7.043347016301961,0,3.7681263127273534
6,alongtrack,0.001,17570.0,7.336716643139257e-05,3.886411635777747e-05,17570.0,7.336716643139257e-05,17570.0,True,0.09979631120177598,1.999145316344177e-06,0,1.0,0.029556371761858297,1.2334018602019784e-05,1.6396224106222018e-07,2.4460792544298884,47.074868054501,1.5372462169039982,47.16343532864222,7.173848159076025e-08,8.008564415781581e-11,-0.004279080972152356,-1.4697906569570154e-06,2.0131882068931586,9.457644982600872,0,3.791718089165372
6,alongtrack,0.008,17570.0,7.32464348383829e-05,3.846717004741475e-05,17570.0,7.32464348383829e-05,17570.0,True,0.09962222546659995,2.004057634845539e-06,0,1.0,0.02954774223687548,1.2187561902161295e-05,1.6218996932720117e-07,11.982017984588012,81.66685122253361,5.419210340902616,82.71886836934712,5.686626951409469e-07,6.337410649286981e-10,-0.01049806505206716,-3.3353855236322376e-06,2.013105604678068,9.450595536097552,1,3.785407440118513
5,alongtrack,0.001,17540.0,7.336380079699265e-05,3.7242385573555655e-05,17540.0,7.336380079699265e-05,17540.0,True,0.09996115079036225,2.011754880108941e-06,0,1.0,0.02948428555480879,1.2485873904170386e-05,1.6459968320895863e-07,2.418570851882989,34.717417962486934,1.4075464026731215,34.83001265895932,9.366035941759086e-09,1.5047519634033495e-11,-0.0005981312112798848,2.6338352116174765e-06,2.020393001835934,7.089463953179969,1,3.830654412583753
6,alongtrack,0.1,17540.0,7.316016903287786e-05,3.616895733538873e-05,17540.0,7.316016903287786e-05,17540.0,True,0.0998664846583564,1.9966127925300168e-06,0,1.0,0.02945958335174417,1.2205061349638156e-05,1.6087907931475645e-07,33.15221060892253,102.58419318670933,11.50763636045233,108.42053059559736,6.927572270204946e-06,7.702568414661074e-09,-0.019664512223749035,-3.027373213143887e-06,2.013053521400832,9.510801485975444,1,4.399995514149273
7,alongtrack,0.008,17590.0,7.355110636511369e-05,4.077882849450106e-05,17590.0,7.355110636511369e-05,17590.0,True,0.09973761304413203,1.967002700931049e-06,0,1.0,0.02960901724647709,1.284986404766033e-05,1.6726001896131756e-07,12.651946512528976,103.19857563556089,5.837314403136281,104.13497012630067,4.714051100732442e-08,6.46439993762285e-11,0.010785846603912713,1.5945938605985547e-06,2.0471077352719274,6.791658300237772,0,4.408325200474301
7,alongtrack,0.1,17580.0,7.315416176311743e-05,3.924286306374101e-05,17580.0,7.315416176311743e-05,17580.0,True,0.0999190680922452,1.957826976508361e-06,0,1.0,0.02954591524201957,1.2477376841737168e-05,1.6603852717686683e-07,35.73137555424637,95.92774328266181,9.897076844378745,102.84364472521577,5.836679971432447e-07,8.397624404124746e-10,0.0069527176558541555,6.763669554662613e-07,2.0470623223373625,6.673762807031395,0,4.415917633029423
7,alongtrack,0.001,17580.0,7.340495582569828e-05,3.999812711549734e-05,17580.0,7.340495582569828e-05,17580.0,True,0.09962368981806208,1.9818178840854333e-06,0,1.0,0.029556344357130226,1.2559551155366254e-05,1.659495079155332e-07,4.442186689864303,88.84554658971608,2.862807924609838,89.00258333681234,5.9716607437222425e-09,9.234799435724018e-12,0.008675995022681163,1.8123910217324166e-06,2.0474087826012686,6.831507610929859,0,4.310039022592162
8,alongtrack,0.008,17610.0,7.410252911603299e-05,4.300948984114593e-05,17610.0,7.410252911603299e-05,17610.0,True,0.09964680139482943,1.922356113095107e-06,0,1.0,0.029695822393861378,1.2816605810573722e-05,1.6994603765963957e-07,20.936526684150675,169.10167582816277,9.292730057907443,170.6460364304379,2.563895666881131e-07,3.4917549698733877e-10,0.023649807906898346,2.3446778779013276e-06,2.009080711046055,7.720945456425695,0,4.349343179919603
8,alongtrack,0.001,17580.0,7.356395598429151e-05,4.034123928071219e-05,17580.0,7.356395598429151e-05,17580.0,True,0.09982978938983467,1.9723285280683944e-06,0,1.0,0.029574014377055497,1.2398422193607286e-05,1.6638669411794894e-07,5.148241579204619,137.10346278861743,3.562383512203875,137.2463277332974,3.001434437232066e-08,4.0896018722042006e-11,0.013031647849183812,2.008287597418253e-06,2.0098125840350356,7.840575984311972,1,4.379947392388974
9,alongtrack,0.008,17550.0,7.341620650756742e-05,3.720707307055743e-05,17550.0,7.341620650756742e-05,17550.0,True,0.09989669581401603,2.017868029426946e-06,0,1.0,0.02952678631304265,1.1979214684228031e-05,1.6142721891298153e-07,12.505339886918986,164.13433315306082,7.052531798240655,164.76104227047279,2.690255278559261e-07,1.919926766695869e-10,-0.016623142250023107,-4.5306711687826425e-06,2.009334686651381,4.214791440632044,0,4.365673942270766
8,alongtrack,0.1,17660.0,7.686141273183715e-05,4.8781984439699056e-05,17660.0,7.686141273183715e-05,17660.0,True,0.09979040823109882,1.7561569192641473e-06,0,1.0,0.030250416041567023,1.2699708846078776e-05,1.7427447325875002e-07,51.76903882432397,203.38911302938828,19.65135742957381,210.79217378380181,3.28979542991872e-06,4.523881504435026e-09,0.036039308399306566,-3.508494825960034e-06,2.008831030313032,7.290743863700825,0,4.393448376907574
9,alongtrack,0.001,17570.0,7.330578368236648e-05,3.858182706463158e-05,17570.0,7.330578368236648e-05,17570.0,True,0.09971495211477813,2.0057640657362964e-06,0,1.0,0.029561513758480304,1.2343302937347442e-05,1.6341444222394228e-07,4.173443760675471,107.90250994903995,2.9477603364778258,108.02341679991194,3.517882746219812e-08,2.6051882943489225e-11,-0.009931554809308804,-2.8442442379010212e-06,2.0096128927685197,4.244097667884659,0,4.421587436103367
9,alongtrack,0.1,17440.0,7.488313311800937e-05,3.171576479711275e-05,17440.0,7.488313311800937e-05,17440.0,True,0.09998129614533949,2.0253018222313488e-06,0,1.0,0.029418270052515277,1.1790867708914004e-05,1.5762445351070394e-07,39.86520539930608,220.11313342187202,14.008087950748411,224.13222132116482,3.404477101140064e-06,2.4411397701098795e-09,-0.0286762041887184,-4.9145009810559535e-06,2.0094096811029942,4.297245146882344,0,4.370149635655648
0,crosstrack,0.001,17510.0,0.0002156867285927399,0.00018152783443476454,18590.0,9.987182422239259e-05,20470.0,True,0.12251089804742268,3.998570471299895e-06,1,0.9523299410819497,0.05898892274009737,1.831416240693822e-05,6.93325305256049e-07,2.00154480064671,3.6249116360029263,69.45138216383995,69.57471272255152,3.752946339433178e-08,3.254690756879852e-11,0.004812450073163638,9.17005740802186e-06,2.126616496670838,54.66644559725673,0,4.802108406328955
0,crosstrack,0.1,17490.0,0.00021685069306299397,0.00018310161760593682,18590.0,9.937793364566618e-05,20500.0,True,0.12510016854135822,3.973835633110417e-06,1,0.9504817987152034,0.058583481846734786,1.855994905676512e-05,6.874164132791512e-07,40.53065606553013,20.362077618413647,160.8619090042873,167.13438322064135,3.590720979511662e-06,3.089558839265291e-09,0.024857315242028423,1.9141119570578443e-05,2.0219719043760613,6.600188619411391,0,4.863119584084823
0,crosstrack,0.008,17510.0,0.00021563776736393975,0.00018141404989263993,18590.0,9.982696947947176e-05,20470.0,True,0.12258443467483739,3.99561349895222e-06,1,0.9523299410819497,0.05897483421777486,1.833470941305657e-05,6.930735964014586e-07,3.849485283541249,4.420594931166145,55.87523907426534,56.181870190480126,2.836051382920222e-07,2.417831653719285e-10,0.005265068983550328,9.372546920954864e-06,2.023649120787655,7.403224641689914,0,4.7787919401384436
1,crosstrack,0.001,17650.0,0.00021138148177145835,0.0001734870555615159,18620.0,9.986702453355086e-05,20350.0,True,0.11204260809040076,3.912136586967423e-06,1,0.9626344086021505,0.06416665255283772,2.528453878175276e-05,8.654769178857498e-07,224.27481973890085,132.73293091656473,1146.4986366414487,1175.7450189302606,9.773862112907592e-09,5.143133410163744e-12,-0.15501387839777198,-8.186627230930255e-05,739.7824271091129,1099964.9121979729,0,4.869539952534599
1,crosstrack,0.008,17510.0,0.00021682519795445982,0.00018296593367423333,18600.0,9.93191693864339e-05,20510.0,True,0.1239739359750386,3.9712556788737746e-06,1,0.950990894483128,0.05887780062018423,1.8601519500564823e-05,6.913399540847583e-07,15.591199281635115,5.887148328108136,60.33850306517961,62.59775525227318,1.1028799582006175e-07,6.731409368407379e-11,0.004707265854236313,1.1882786935487652e-05,3.161253478803416,1545.0142976502354,0,4.709379886894165
1,crosstrack,0.1,17500.0,0.00021667227020886196,0.0001845265063291338,18590.0,9.933261815874306e-05,20510.0,True,0.12430572952833986,3.993393398986801e-06,1,0.951004016064257,0.05872170020844145,1.8972072952373354e-05,6.897313477068371e-07,28.63248973791614,9.94075861517178,121.56342407908309,125.28489224271209,1.4622343059256763e-06,8.985446516710614e-10,0.01639683268759635,-1.3745143039180472e-06,2.0245307445405873,24.21637721123989,0,4.840589806658987
3,crosstrack,0.001,17500.0,0.00021602774995874865,0.0001835613533525127,18590.0,9.976365398819368e-05,20500.0,True,0.12338075251251722,3.980458365090278e-06,1,0.9515394912985274,0.058574691643249056,1.8078504233777872e-05,6.817540532478088e-07,9.856942497498295,14.102550599560733,224.67277672949575,225.33064117459475,3.8952479006662147e-08,4.138549943044685e-11,0.018619566281877654,-6.4987111489125115e-06,5.095208118929711,3234.381181483091,1,4.756733442774597
2,crosstrack,0.001,17500.0,0.00021498980656379816,0.00018257222581527578,18590.0,9.906275307354181e-05,20470.0,True,0.12215838949496578,3.9493790072228396e-06,1,0.9526104417670683,0.058554043251177995,1.8340943871320096e-05,6.795920602019512e-07,27.339083123977534,24.64205529770122,284.71691897958556,287.08601552249564,8.626732184609025e-09,6.5447806728254515e-12,0.02298874094185498,-6.895650159548228e-08,72.70074117090486,99753.97261926382,0,4.774381801682843
2,crosstrack,0.1,17500.0,0.00021742848194905825,0.00018340970785524124,18600.0,9.998707539637337e-05,20530.0,True,0.12561632351501456,4.015650001592262e-06,1,0.9496653279785809,0.058565980690544785,1.9425651989810117e-05,6.866573182648072e-07,45.47582783432636,17.202752033316433,149.07904133875596,156.80735365798242,8.386240851369894e-07,7.431437598533628e-10,0.023626564863525056,1.1768484173563286e-05,2.025140145815599,14.14847631452622,1,4.826661816174339
2,crosstrack,0.008,17510.0,0.0002143390870351998,0.00018087319158514005,18590.0,9.920269871168771e-05,20460.0,True,0.12205465750896263,3.957702153663004e-06,1,0.9528655597214784,0.058648783332531214,1.8513363868684048e-05,6.823815589628859e-07,27.873125819056803,22.24189579928139,246.91141874297878,249.47316845172287,6.210359983532123e-08,6.050475433983316e-11,0.01980245815510271,1.0877778802267495e-06,3.076941989189632,1503.985708734345,0,4.718896170649192
3,crosstrack,0.008,17510.0,0.0002152394890473016,0.0001816254082845878,18590.0,9.97119681106761e-05,20480.0,True,0.12290661282571355,3.985959748630011e-06,1,0.9520621317621853,0.05875707186576042,1.8272917270324933e-05,6.869233485102113e-07,8.740490608084787,12.041112459045335,142.20719850125988,142.98346712434318,3.1692838263682195e-07,3.378888082066639e-10,0.012763312707064952,-3.893494099670292e-06,2.0536062488497,51.542498962819195,0,2.438654485627128
4,crosstrack,0.1,17510.0,0.00021536217020310164,0.0001811450748469929,18600.0,9.904982316516634e-05,20470.0,True,0.12252539975095884,4.036795619979602e-06,1,0.9523299410819497,0.05896675476919152,1.8698863537672842e-05,6.945724267467322e-07,13.813307371832376,6.453022608046849,54.321295007361904,56.42031595627167,1.4808810472443072e-06,1.6485057069855384e-09,0.005681869512201041,-2.156847090184287e-06,1.9733253811521683,5.984274871593494,0,2.419300237162126
3,crosstrack,0.1,17510.0,0.00021502360912560518,0.00018124027497020242,18580.0,9.995789829238772e-05,20460.0,True,0.1220602183039487,3.929129548071239e-06,1,0.9528655597214784,0.05901702199098103,1.850457705910336e-05,6.933157025114642e-07,11.043661734101876,6.407032778981047,43.36350032899324,45.20404511004297,3.905176457674805e-06,4.141818505803791e-09,0.0018017875640832163,-1.4780930415375342e-06,2.009150245748675,6.973396883560238,0,2.4527977570395234
4,crosstrack,0.001,17520.0,0.00021511035541039617,0.0001803036413604866,18600.0,9.909495367464232e-05,20470.0,True,0.12231296445481286,4.0030765819866345e-06,1,0.9525850522368069,0.05912294005989793,1.8475532818294783e-05,6.9750436528198e-07,2.275764709410833,1.2902791127042927,24.462330744131602,24.60182006755937,1.4792426305628686e-08,1.6434018844163585e-11,-0.0007052217953019767,8.821150555681225e-07,2.1739032082565672,294.9271542765124,0,2.4534345916459217
4,crosstrack,0.008,17520.0,0.00021517949364093045,0.00018040337248921803,18600.0,9.915874894131172e-05,20470.0,True,0.12223492545231082,4.008379581138672e-06,1,0.9525850522368069,0.05917718176779212,1.8597325713779785e-05,6.994061252540401e-07,3.10856113922751,2.89372360529265,38.58098108621258,38.81402955420677,1.1786470788480432e-07,1.3121994488817056e-10,-0.002688666110257963,-9.890822922073532e-07,1.9737051799765755,6.76202928271581,0,2.4489528810494
5,crosstrack,0.008,17510.0,0.00021533275637254193,0.00018196451327241666,18590.0,9.987568497631763e-05,20480.0,True,0.12263291310286681,3.99135593360697e-06,1,0.9523299410819497,0.05874577742887654,1.8294888893751894e-05,6.8561084110812e-07,14.095386312577885,14.202341976984027,163.33871576879486,164.55978397509872,1.0279918001676173e-07,1.8949485834849932e-10,0.012808732647069684,-3.0381698546872636e-06,2.106903407450118,116.81741606474733,0,2.4281163565136636
5,crosstrack,0.001,17510.0,0.00021527471776185323,0.00018195830589062145,18590.0,9.97955037680603e-05,20480.0,True,0.12251503313040232,3.978442262480904e-06,1,0.9523299410819497,0.05873058942375883,1.8244359108242102e-05,6.846123673234564e-07,15.251615781521757,15.415237154569441,191.38323425262112,192.60784945965318,1.3638413522270596e-08,2.4795099332241015e-11,0.012904862371443178,-1.3415488056291472e-06,7.7479871195640015,7268.639071184259,1,2.4405315097350164
5,crosstrack,0.1,17500.0,0.00021646917895541768,0.0001827236263623889,18600.0,9.937690649864707e-05,20490.0,True,0.12374853121457004,4.134121970372774e-06,1,0.9512717536813923,0.05880109080059401,1.888907810413557e-05,6.921307832632343e-07,29.693327226893434,11.43585796877684,88.07716002904178,93.64859127646737,1.3441582506506815e-06,2.461559067386565e-09,0.01577929737536,7.558761460251933e-07,2.0191128090722428,7.6646611095902095,0,2.4518508567564115
6,crosstrack,0.001,17520.0,0.00021612976533613883,0.00018117714901316008,18600.0,9.95535210588846e-05,20480.0,True,0.12244080485641429,4.00545141337437e-06,1,0.9523171711759979,0.059379295579732067,1.8792709558682073e-05,7.057660380612842e-07,8.77279163013237,9.008060940527077,116.07233001080277,116.7514146767853,4.477759213531422e-08,4.2406600495085756e-11,-0.011330267884063324,7.870134039767778e-06,28.348487318867004,36059.31229287734,0,2.462757220699591
6,crosstrack,0.008,17520.0,0.00021641423369470793,0.0001818324976378199,18600.0,9.979742802911615e-05,20490.0,True,0.12255691678447958,4.009474146918072e-06,1,0.9520492901151889,0.0594397589900872,1.8982690821187404e-05,7.084208503785188e-07,11.480716473537454,12.847015566313692,140.9145387570913,141.96393870568204,3.6196469858785727e-07,3.4270234061828633e-10,-0.014071364261073799,-9.499859378693791e-07,2.4418890041150494,601.061865285859,1,2.4476878010010807
6,crosstrack,0.1,17530.0,0.00021622059215469638,0.00018146438766044066,18610.0,9.957435914000823e-05,20500.0,True,0.12227701029372097,4.0282787274969784e-06,1,0.9520364415862809,0.05957706455896557,1.9726696194700302e-05,7.118864641301273e-07,23.799081516598953,17.020713167418265,143.96799170142825,146.9111418249268,4.588597211600983e-06,4.341145842539012e-09,-0.018606458053612985,-4.961545038210836e-06,2.0172451893186185,11.551956711471844,1,2.437747501884332
7,crosstrack,0.1,17510.0,0.00021628850800524006,0.00018137988515163245,18600.0,9.96071941619577e-05,20500.0,True,0.12426431860870793,4.002356243337039e-06,1,0.950990894483128,0.05886043812287601,1.946861446710428e-05,6.942495388574357e-07,29.446119748309002,11.911641722419144,95.20323170531576,100.36242575730755,1.6670946932285435e-06,1.085351650025162e-09,0.013979770716283568,2.1989620485049735e-06,2.046819796912579,6.4476510963649085,0,2.414247665964541
7,crosstrack,0.001,17510.0,0.00021553835831597794,0.00018144707763036134,18590.0,9.98404249579984e-05,20480.0,True,0.12304472721179922,3.991918380871609e-06,1,0.9520621317621853,0.058791585454310166,1.8178950598988954e-05,6.878629451766381e-07,6.338178304487227,8.621710376645645,132.55323321144476,132.98445784694502,1.692085313215122e-08,1.1196715985321656e-11,0.011616237346487531,6.436238019669735e-06,2.3052411607919794,269.0695397609254,0,2.4127006383501857
7,crosstrack,0.008,17510.0,0.00021572340878720585,0.0001816643224239119,18590.0,9.997947944706418e-05,20490.0,True,0.1231560706456849,3.994694103950396e-06,1,0.951794322442421,0.05884524208780737,1.8280028966199686e-05,6.901036708162477e-07,9.046541122676249,9.202250611395193,84.63135487615546,85.60950619395581,1.332393788222546e-07,8.658083874319149e-11,0.009264275209716066,2.564948502259012e-06,2.0505718373104433,9.345693522299314,1,2.434440062056833
8,crosstrack,0.1,17570.0,0.0002124291669603135,0.00017685248378714947,18610.0,9.908574347850725e-05,20400.0,True,0.11646023086802312,4.070352134929719e-06,1,0.9578862660944206,0.06042866797758132,2.0910523919958837e-05,7.265705451383813e-07,109.83144370485327,32.74300759971086,296.32355949555455,317.71481313448777,2.713897475913422e-06,3.4413525643684328e-09,-0.049140575932822256,-2.390709637101548e-05,2.0110417163436174,7.97295784669856,1,2.4268454955869974
8,crosstrack,0.001,17520.0,0.00021559558317002538,0.00018098023492717932,18600.0,9.940412685126593e-05,20480.0,True,0.12236236131162802,4.014747045573628e-06,1,0.9523171711759979,0.05926684118509202,1.8695999841299038e-05,7.025700694765331e-07,5.064013780021029,5.877387183415389,68.08537759118506,68.52595535563341,2.5096797419649654e-08,3.172631751692294e-11,-0.0068745810367502845,-5.2006407033407586e-06,4.432011315263795,3229.815641692824,0,2.430035922779536
8,crosstrack,0.008,17530.0,0.00021496491847562685,0.00017970908807115696,18600.0,9.9568572288505e-05,20470.0,True,0.12173933093105734,4.0254176954713204e-06,1,0.9528403001071811,0.05945842166249862,1.8776525837469732e-05,7.076281841878917e-07,12.008360959908874,11.263248680122695,112.55395158498773,113.75171876138623,2.0037131812185067e-07,2.5275925191652214e-10,-0.013686353989229865,-8.775487585414489e-06,2.0527436286172867,61.383837516901245,0,2.4321949852092235
9,crosstrack,0.001,17520.0,0.00021510296112096328,0.00018024742725945364,18600.0,9.908772082722049e-05,20470.0,True,0.122376849063726,4.005182608708911e-06,1,0.9525850522368069,0.05914328133824595,1.8493074479056166e-05,6.985997771471975e-07,1.2725596290155772,1.725943257747588,23.67435088180163,23.771267905036662,4.888919139404507e-08,3.260727374064995e-11,-0.0020565310062483615,1.1717881143786379e-07,2.0199971633153315,6.431605289053261,0,2.435927406975714
9,crosstrack,0.1,17510.0,0.00021613336197885485,0.0001816203164436192,18590.0,9.997758759419834e-05,20490.0,True,0.12344892583709405,3.9605455450405855e-06,1,0.9515265131226567,0.05901272436396028,1.9008819643354526e-05,6.958367670259575e-07,18.33352346632575,5.785447371808169,43.066319231891804,47.16245685039631,4.598256452206718e-06,3.0014425266146023e-09,0.003093968823056826,7.129402459288469e-06,2.0096923883516387,3.8083224159441227,0,2.430679193880602
9,crosstrack,0.008,17510.0,0.00021587473710233526,0.0001819564008823502,18590.0,9.99944054759365e-05,20480.0,True,0.12251232340535927,3.9984634910577335e-06,1,0.9523299410819497,0.05907312693356262,1.847348214571942e-05,6.964251741121572e-07,2.211538407281754,1.1154616454027462,17.364029850459097,17.539803005076244,3.7455078303944035e-07,2.439912374449786e-10,0.0007473061450828509,1.8501070114112843e-06,2.0098096735509734,3.8039154897236025,0,2.424246936611611
