geom,seed,sigma_deg,dt,nav_type,T_FP,sustained,nis_mean,nees_mean,nis_inlier_frac,nees_inlier_frac,rmse_dist,final_pos_err,est_dist_bias,total_delta_v,peak_accel,are_fallback_count,wall_time_s,n_steps
crosstrack,1,0.001,10.0,jacobian,17650.0,True,739.7824271091129,1099964.9121979729,0.4908825674690007,0.2574762946754194,1175.7450189302606,9.773862112907592e-09,-0.15501387839777198,0.06416665255283772,2.528453878175276e-05,0,32.95113259999198,5486
crosstrack,3,0.001,10.0,jacobian,17500.0,True,5.095208118929711,3234.381181483091,0.8831145149525893,0.5020058351568198,225.33064117459475,3.8952479006662147e-08,0.018619566281877654,0.058574691643249056,1.8078504233777872e-05,1,38.032561899977736,5486
crosstrack,9,0.001,10.0,jacobian,17520.0,True,2.0199971633153315,6.431605289053261,0.9978118161925602,0.9908825674690007,23.771267905036662,4.888919139404507e-08,-0.0020565310062483615,0.05914328133824595,1.8493074479056166e-05,0,41.97937600000296,5486
crosstrack,1,0.001,10.0,ukf,17510.0,True,2.022111233310544,10.304411802046154,0.9981765134938001,0.9288840262582057,56.8849749622625,1.3715501904993974e-08,0.003227703513494018,0.059019720283233365,1.838334211331199e-05,1,51.51462560001528,5486
crosstrack,3,0.001,10.0,ukf,17510.0,True,2.008822200180976,6.513918067363908,0.9963530269876003,1.0,24.63974426270683,4.126142959020274e-08,0.0014509871345614652,0.05904536399625865,1.841807665058528e-05,0,18.330705000000307,5486
crosstrack,9,0.001,10.0,ukf,17510.0,True,2.0095707705565404,3.7594929516113056,0.9976294675419402,1.0,22.276139340284573,4.5491648547797537e-08,-0.000654040144951774,0.059104780432754814,1.8448876204553263e-05,0,16.612410400004592,5486
crosstrack,1,0.001,5.0,jacobian,17485.0,True,221.0855412501749,628107.6278999789,0.5284893791594494,0.3015771720302671,491.5173757712321,1.1312381082575672e-08,0.04803205940604674,0.057903619012778317,1.7289626826160865e-05,0,47.104003199987346,10971
crosstrack,3,0.001,5.0,jacobian,17520.0,True,3.704835596194297,3530.3507947073513,0.9469413802534415,0.4925699699152156,109.74569393979908,1.151850485361485e-08,-0.006280435130564455,0.059195310313027834,1.8684841731951514e-05,1,63.45795700000599,10971
crosstrack,9,0.001,5.0,jacobian,17525.0,True,4.053494374183269,5550.222373169218,0.9329929802169751,0.4911113137022518,62.6215122496018,1.026722728154004e-08,-0.007432266887320462,0.05922860326056076,1.8702594347591134e-05,1,58.83837660000427,10971
crosstrack,1,0.001,5.0,ukf,17515.0,True,2.02596062858279,11.397060724345515,0.996535691494211,0.744826328744644,71.98646229270574,1.1847810237381741e-08,0.003975643204792878,0.058926654520516465,1.8318052327156622e-05,0,76.63521029998083,10971
crosstrack,3,0.001,5.0,ukf,17515.0,True,2.03001978316583,9.359055307243462,0.9966268575075212,0.971647369860516,30.317513803498315,1.1519652670838968e-08,0.0013400201103329348,0.05898561966467208,1.8386496772938456e-05,0,76.00876669998979,10971
crosstrack,9,0.001,5.0,ukf,17520.0,True,1.9731242462159522,4.384508614856743,0.9971738535873826,1.0,13.61123079764694,1.0277750479208479e-08,-0.0004646852380105243,0.059038753059684805,1.842865218655672e-05,1,83.38604159999522,10971
crosstrack,1,0.008,10.0,jacobian,17510.0,True,3.161253478803416,1545.0142976502354,0.9562363238512035,0.5160466812545588,62.59775525227318,1.1028799582006175e-07,0.004707265854236313,0.05887780062018423,1.8601519500564823e-05,0,38.71792110000388,5486
crosstrack,3,0.008,10.0,jacobian,17510.0,True,2.0536062488497,51.542498962819195,0.9965353756382203,0.6084974471188913,142.98346712434318,3.1692838263682195e-07,0.012763312707064952,0.05875707186576042,1.8272917270324933e-05,0,42.880944800010184,5486
crosstrack,9,0.008,10.0,jacobian,17510.0,True,2.0098096735509734,3.8039154897236025,0.9976294675419402,1.0,17.539803005076244,3.7455078303944035e-07,0.0007473061450828509,0.05907312693356262,1.847348214571942e-05,0,32.725830699986545,5486
crosstrack,1,0.008,10.0,ukf,17510.0,True,2.016149134067911,9.257519580080302,0.9981765134938001,0.9923413566739606,41.919965888349864,1.1005271094099947e-07,0.0020277050664485557,0.05903965730280309,1.8527183549130312e-05,0,39.747719799983315,5486
crosstrack,3,0.008,10.0,ukf,17510.0,True,2.0089133674410857,6.496738049197098,0.9963530269876003,1.0,53.459817052541624,3.198869217906064e-07,0.002632762239875988,0.059013881520555055,1.844115101702332e-05,0,45.07667439998477,5486
crosstrack,9,0.008,10.0,ukf,17510.0,True,2.0096615924753913,3.7638090838482645,0.9976294675419402,1.0,19.923033530923,3.727147137463087e-07,-7.312585019599427e-07,0.05909355876656983,1.849144010352571e-05,2,48.24495839999872,5486
crosstrack,1,0.008,5.0,jacobian,17500.0,True,4.5417508418064285,7355.231583554137,0.9122982951955511,0.5070653660315434,249.80628646627753,9.097998228593671e-08,0.024631323702784556,0.05822953797999117,1.7883779124816287e-05,1,82.07695099999546,10971
crosstrack,3,0.008,5.0,jacobian,17520.0,True,2.0611027548998266,73.05856656612306,0.9962621934542802,0.5325006837450998,42.386933538559745,7.555737007748988e-08,-0.0017185417982762562,0.05910051462625523,1.859453942931684e-05,0,75.40173479999066,10971
crosstrack,9,0.008,5.0,jacobian,17525.0,True,2.0065950229089657,98.45754645506443,0.9969003555474519,0.5427112772358464,46.58343030919492,8.236227368947335e-08,-0.005172556494426794,0.059192567500518385,1.8697715140229398e-05,0,59.6090251999849,10971
crosstrack,1,0.008,5.0,ukf,17520.0,True,2.015646992697158,7.172956093917526,0.9968091895341417,0.9948035372413164,35.84616343174139,9.377447690743154e-08,-0.0009484728591313817,0.05903931413726798,1.842360189687586e-05,0,83.30584460002137,10971
crosstrack,3,0.008,5.0,ukf,17520.0,True,2.030117793368928,9.551498386215457,0.9966268575075212,0.9700975476342419,33.8570660430193,7.875717430743203e-08,0.001046639422379602,0.058987630700730424,1.840594229821976e-05,0,78.67889229999855,10971
crosstrack,9,0.008,5.0,ukf,17520.0,True,1.973254961097381,4.623016363753749,0.9971738535873826,1.0,25.98666886047164,8.143902735322618e-08,-0.002942050837570584,0.059109563438137974,1.851623966201027e-05,0,95.02772010001354,10971
crosstrack,1,0.1,10.0,jacobian,17500.0,True,2.0245307445405873,24.21637721123989,0.9981765134938001,0.7321298322392414,125.28489224271209,1.4622343059256763e-06,0.01639683268759635,0.05872170020844145,1.8972072952373354e-05,0,30.432096200005617,5486
crosstrack,3,0.1,10.0,jacobian,17510.0,True,2.009150245748675,6.973396883560238,0.9963530269876003,1.0,45.20404511004297,3.905176457674805e-06,0.0018017875640832163,0.05901702199098103,1.850457705910336e-05,0,30.584657900006277,5486
crosstrack,9,0.1,10.0,jacobian,17510.0,True,2.0096923883516387,3.8083224159441227,0.9976294675419402,1.0,47.16245685039631,4.598256452206718e-06,0.003093968823056826,0.05901272436396028,1.9008819643354526e-05,0,33.33298890001606,5486
crosstrack,1,0.1,10.0,ukf,17500.0,True,2.0164968939951016,12.19299517348751,0.9983588621444202,0.7828227571115973,137.3156142747058,1.4667420982661264e-06,0.018645989315506675,0.058670466121324975,1.9000013768470008e-05,1,48.59527029999299,5486
crosstrack,3,0.1,10.0,ukf,17510.0,True,2.0090580712410353,6.920797130388214,0.9963530269876003,1.0,44.23151198001742,3.9020922472605e-06,0.0014665221258126579,0.059028304227357165,1.855554212456302e-05,1,38.361605600017356,5486
crosstrack,9,0.1,10.0,ukf,17510.0,True,2.0096961383235272,3.8432248584023094,0.9976294675419402,1.0,49.66467079225696,4.6037893150993936e-06,0.0035646437929317517,0.05900201575890629,1.9028871556137866e-05,0,38.41582049999852,5486
crosstrack,1,0.1,5.0,jacobian,17520.0,True,2.0281658593849583,49.12768821107029,0.9969003555474519,0.6057981584465312,127.83675931893936,1.1662969322326713e-06,0.007935021773484865,0.05870264770201338,1.8358292536054208e-05,0,58.31147889999556,10971
crosstrack,3,0.1,5.0,jacobian,17515.0,True,2.0306857665882316,10.215578911458262,0.996535691494211,0.9744735162731334,70.89283425874834,9.624467029102075e-07,0.005043978187320713,0.05884212196577976,1.8581889097172137e-05,0,58.27238819998456,10971
crosstrack,9,0.1,5.0,jacobian,17515.0,True,1.973788450141092,5.1397232319022175,0.9970826875740724,1.0,54.40918084322627,1.0060796789923425e-06,-0.0008255095742070531,0.059051174729753436,1.8977809323993807e-05,0,58.36079089998384,10971
crosstrack,1,0.1,5.0,ukf,17525.0,True,2.0151918269868356,10.269108290519148,0.9969003555474519,0.813383170753943,128.02770631505456,1.18023035943208e-06,0.006598922533759058,0.058765323619021204,1.836857612763055e-05,0,81.00849129998824,10971
crosstrack,3,0.1,5.0,ukf,17520.0,True,2.0301714717566117,9.54224317192917,0.996535691494211,0.97319719208679,66.27938181481002,9.617383407905e-07,0.002190334532832281,0.058904576196044056,1.8648319345753195e-05,0,75.43767939999816,10971
crosstrack,9,0.1,5.0,ukf,17520.0,True,1.9733381328543291,4.417368345352528,0.9971738535873826,1.0,61.60619535137517,1.0080367583278014e-06,-0.0048692936315094535,0.05914865567852286,1.9090949124441162e-05,0,75.44759950001026,10971
