geometry,seed,sigma_theta_deg,jacobian_T_FP,ukf_T_FP,delta_T_FP,jacobian_v_FP,ukf_v_FP,delta_v_FP,jacobian_T_soft,ukf_T_soft,delta_T_soft,jacobian_T_sustain,ukf_T_sustain,delta_T_sustain,jacobian_total_delta_v,ukf_total_delta_v,delta_total_delta_v,jacobian_peak_accel,ukf_peak_accel,delta_peak_accel,jacobian_control_energy,ukf_control_energy,delta_control_energy,jacobian_rmse_pos_x,ukf_rmse_pos_x,delta_rmse_pos_x,jacobian_rmse_pos_y,ukf_rmse_pos_y,delta_rmse_pos_y,jacobian_rmse_pos_z,ukf_rmse_pos_z,delta_rmse_pos_z,jacobian_rmse_dist,ukf_rmse_dist,delta_rmse_dist,jacobian_final_pos_err,ukf_final_pos_err,delta_final_pos_err,jacobian_final_vel_err,ukf_final_vel_err,delta_final_vel_err,jacobian_est_dist_bias,ukf_est_dist_bias,delta_est_dist_bias,jacobian_est_radial_vel_bias,ukf_est_radial_vel_bias,delta_est_radial_vel_bias,jacobian_nis_mean,ukf_nis_mean,delta_nis_mean,jacobian_nees_mean,ukf_nees_mean,delta_nees_mean,jacobian_nis_inlier_frac,ukf_nis_inlier_frac,delta_nis_inlier_frac,jacobian_nees_inlier_frac,ukf_nees_inlier_frac,delta_nees_inlier_frac,jacobian_are_fallback_count,ukf_are_fallback_count,delta_are_fallback_count,jacobian_exit_count,ukf_exit_count,delta_exit_count,jacobian_time_in_sphere_frac,ukf_time_in_sphere_frac,delta_time_in_sphere_frac,jacobian_P_eig_min,ukf_P_eig_min,delta_P_eig_min,jacobian_P_cond,ukf_P_cond,delta_P_cond,jacobian_sustained,ukf_sustained
alongtrack,0,0.001,17570.0,17570.0,0.0,7.343261496692841e-05,7.34410265315474e-05,8.411564618991153e-09,17570.0,17570.0,0.0,17570.0,17570.0,0.0,0.029564383255510217,0.029564972677357682,5.894218474654378e-07,1.2474148139623628e-05,1.2476566562990427e-05,2.418423366798924e-09,1.65177674443913e-07,1.6522516874368982e-07,4.7494299776810886e-11,1.7470568497006416,1.8356843868527808,0.08862753715213922,26.86518757437226,29.11690661760869,2.251719043236431,1.005621700463249,1.0665776834890064,0.06095598302575733,26.940708714633583,29.194204495097935,2.253495780464352,1.9806065128683425e-08,2.0419790559419892e-08,6.137254307364664e-10,1.6477394210461798e-11,1.718173791969965e-11,7.043437092378512e-13,0.0023410981913255815,0.0026695016213392456,0.0003284034300136641,2.363787755932837e-07,2.984498465214809e-07,6.207107092819722e-08,2.0226700034033107,2.022596533448423,-7.346995488788366e-05,6.398658366667228,6.398217987749076,-0.00044037891815218444,,0.9978118161925602,,,1.0,,0.0,0.0,0.0,0.0,0.0,0.0,1.0,1.0,0.0,,3.402712506998253e-31,,,2348833769.461141,,True,True
alongtrack,0,0.008,17580.0,17580.0,0.0,7.346103100559061e-05,7.345884002764332e-05,-2.1909779472872827e-09,17580.0,17580.0,0.0,17580.0,17580.0,0.0,0.029596210454802367,0.0295961345285201,-7.592628226832376e-08,1.2566531945330078e-05,1.2563604733191701e-05,-2.927212138376846e-09,1.6616344171074676e-07,1.661423571209237e-07,-2.1084589823065724e-11,5.8812316664868,5.826429053065588,-0.054802613421212065,53.81232711574728,53.15796929333937,-0.6543578224079099,2.693319099173981,2.6627442473619154,-0.03057485181206543,54.199717741857775,53.5425735450667,-0.6571441967910729,1.6128084922076528e-07,1.623690975394111e-07,1.0882483186458166e-09,1.3554502075928644e-10,1.3695289751883502e-10,1.4078767595485808e-12,0.006478979791738164,0.0063652332610311035,-0.0001137465307070604,7.186074090768394e-07,6.931515991085152e-07,-2.5455809968324262e-08,2.0226192087884196,2.0225841197543706,-3.508903404902952e-05,6.463659022512512,6.456385250576344,-0.007273771936167961,,0.9976294675419402,,,1.0,,0.0,1.0,1.0,0.0,0.0,0.0,1.0,1.0,0.0,,2.1857778092360553e-29,,,2337571115.5434675,,True,True
alongtrack,0,0.1,17570.0,17570.0,0.0,7.275023309036943e-05,7.274081962843005e-05,-9.413461939374664e-09,17570.0,17570.0,0.0,17570.0,17570.0,0.0,0.02950558445560227,0.029503710531965203,-1.8739236370655943e-06,1.2499126625189572e-05,1.2500269480260847e-05,1.1428550712752839e-09,1.6724896788161807e-07,1.6726708122447028e-07,1.8113342852209372e-11,28.919674437430082,29.053278311451866,0.13360387402178375,86.16405800033385,86.97798646299958,0.8139284626657286,9.690708102787042,9.733331700839637,0.04262359805259486,91.4029664955425,92.21713970731793,0.8141732117754259,2.0240436174718204e-06,2.0197214070824355e-06,-4.3222103893848555e-09,1.7044873273727607e-09,1.7007415577364829e-09,-3.745769636277816e-12,0.017084542583788102,0.01717308906829334,8.854648450523639e-05,4.180972678308423e-06,4.209858905312844e-06,2.8886227004420626e-08,2.0226221104766164,2.0226092053597844,-1.2905116832051533e-05,7.082595910986424,7.073080895097785,-0.009515015888638345,,0.9976294675419402,,,1.0,,0.0,0.0,0.0,0.0,0.0,0.0,1.0,1.0,0.0,,3.234622705731493e-27,,,2348605531.1609807,,True,True
alongtrack,1,0.001,17580.0,17580.0,0.0,7.332279088694745e-05,7.332676287633527e-05,3.971989387827816e-09,17580.0,17580.0,0.0,17580.0,17580.0,0.0,0.029573463138162673,0.029573802244625236,3.3910646256296584e-07,1.2349136098868024e-05,1.2350252298838777e-05,1.1161999707529904e-09,1.6446040614750268e-07,1.64475445747269e-07,1.503959976632133e-11,1.9053119901544433,1.8843041920710857,-0.02100779808335762,33.454258922613946,34.275260266132584,0.8210013435186383,1.071362612400306,1.0626548913808853,-0.008707721019420633,33.52559427792996,34.343460862550806,0.8178665846208446,1.114323209505384e-08,1.085203783970924e-08,-2.9119425534459986e-10,1.6922908468383687e-11,1.6720308904354533e-11,-2.0259956402915415e-13,0.0005629133504291037,0.0006759845210395273,0.00011307117061042365,-8.805795251164309e-07,-8.68000508508437e-07,1.2579016607993898e-08,2.013364067854398,2.0133904472027284,2.63793483306074e-05,8.643304872438497,8.63422511936934,-0.009079753069157093,,0.9981765134938001,,,0.9730123997082422,,0.0,0.0,0.0,0.0,0.0,0.0,1.0,1.0,0.0,,3.392172378524248e-31,,,2351224927.6000843,,True,True
alongtrack,1,0.008,17590.0,17590.0,0.0,7.338826589110172e-05,7.338902390154411e-05,7.580104423917516e-10,17590.0,17590.0,0.0,17590.0,17590.0,0.0,0.029622538842228496,0.029622648771168374,1.0992893987801788e-07,1.2406574854000997e-05,1.240793386213919e-05,1.3590081381917925e-09,1.6455026530644703e-07,1.645592631616363e-07,8.997855189265054e-12,8.668263519926068,8.637497518237273,-0.03076600168879473,34.29771254870006,34.29328039741505,-0.004432151285008956,3.0869244898910435,3.0773498967493027,-0.009574593141740806,35.51057562657113,35.49796509914772,-0.012610527423412066,8.876369595583971e-08,8.898368236892328e-08,2.1998641308356897e-10,1.34315907876977e-10,1.3471678791415805e-10,4.0088003718105505e-13,0.0008226644241673412,0.0008438003680090214,2.1135943841680193e-05,-1.7450331507165655e-06,-1.7335730173396442e-06,1.1460133376921328e-08,2.0133105067156647,2.0133062330124782,-4.273703186452593e-06,8.644527182162205,8.63776217276828,-0.006765009393925325,,0.9981765134938001,,,0.9731947483588621,,0.0,2.0,2.0,0.0,0.0,0.0,1.0,1.0,0.0,,2.177687449307194e-29,,,2336217687.415964,,True,True
alongtrack,1,0.1,17630.0,17630.0,0.0,7.174868460715182e-05,7.173570414368523e-05,-1.2980463466586074e-08,17630.0,17630.0,0.0,17630.0,17630.0,0.0,0.02953154640154671,0.029529668105809714,-1.8782957369976871e-06,1.2451508391759883e-05,1.2452482857342514e-05,9.744655826312806e-10,1.6426736129405208e-07,1.642691403359826e-07,1.7790419305343241e-12,39.827951665780866,39.746767961008175,-0.0811837047726911,74.9603336755372,74.82895496865903,-0.13137870687816644,12.11503481727084,12.107036463275728,-0.00799835399511295,85.74433758134317,85.59064433085497,-0.15369325048820315,9.250601265387802e-07,9.262262004618017e-07,1.1660739230214893e-09,1.4198707679607244e-09,1.4195990619614461e-09,-2.71705999278316e-13,-0.002227849794126363,-0.0022448499194323655,-1.700012530600264e-05,8.074094721987078e-07,8.244737204695153e-07,1.706424827080747e-08,2.013391120645954,2.013382390592183,-8.730053771000001e-06,8.007977898061746,8.005622948448668,-0.002354949613078361,,0.9979941648431802,,,0.9945295404814004,,0.0,0.0,0.0,0.0,0.0,0.0,1.0,1.0,0.0,,3.1104194451834384e-27,,,2288488628.807915,,True,True
alongtrack,2,0.001,17560.0,17560.0,0.0,7.335834048956639e-05,7.336239017053772e-05,4.049680971327505e-09,17560.0,17560.0,0.0,17560.0,17560.0,0.0,0.029545469930162962,0.029546709110263306,1.2391801003444614e-06,1.2428574330309257e-05,1.2430672355434874e-05,2.0980251256169793e-09,1.637233245891068e-07,1.63678735503932e-07,-4.4589085174816874e-11,3.322599247753706,3.477427729581078,0.15482848182737197,76.80139072499355,80.17425527047523,3.3728645454816757,2.3807656147521388,2.5012117809310195,0.12044616617888071,76.91008599635477,80.28860300293469,3.3785170065799264,3.942419856128268e-09,6.676741229598178e-09,2.7343213734699096e-09,5.006618538070087e-12,7.97112643772342e-12,2.964507899653333e-12,-0.00724172367746957,-0.007558919947852035,-0.0003171962703824643,-1.4418494868572954e-06,-1.5744716845139854e-06,-1.3262219765669e-07,2.0192953371969384,2.019197592405364,-9.774479157442784e-05,6.384094426714311,6.405542600325556,0.021448173611244847,,0.9974471188913202,,,1.0,,0.0,0.0,0.0,0.0,0.0,0.0,1.0,1.0,0.0,,3.411429889427883e-31,,,2327993080.061673,,True,True
alongtrack,2,0.008,17570.0,17570.0,0.0,7.335295024246306e-05,7.335345074456147e-05,5.005020984114169e-10,17570.0,17570.0,0.0,17570.0,17570.0,0.0,0.029586325312223802,0.029586366097392573,4.0785168770041125e-08,1.2246143689569718e-05,1.2248314255828346e-05,2.170566258627866e-09,1.6307436959148124e-07,1.6308435239265908e-07,9.982801177838257e-12,9.163021544717061,9.125664816015421,-0.03735672870164031,81.38200716828163,81.09558525462705,-0.2864219136545785,4.235584672831593,4.215411560795791,-0.02017311203580263,82.00568414499033,81.71622483174096,-0.2894593132493668,4.211701221565553e-08,4.103723128728868e-08,-1.0797809283668539e-09,5.129586068212707e-11,5.01331645509233e-11,-1.1626961312037678e-12,-0.008882339383853327,-0.008867379228420506,1.4960155432820754e-05,-2.868969102940357e-06,-2.8572412632969907e-06,1.1727839643366108e-08,2.0191623513499497,2.0191401978978174,-2.21534521323008e-05,6.3495985285779195,6.349462891474578,-0.00013563710334185686,,0.9974471188913202,,,1.0,,0.0,1.0,1.0,0.0,0.0,0.0,1.0,1.0,0.0,,2.1802818683720704e-29,,,2336926434.848549,,True,True
alongtrack,2,0.1,17540.0,17540.0,0.0,7.47744770171407e-05,7.476745536208784e-05,-7.021655052861196e-09,17540.0,17540.0,0.0,17540.0,17540.0,0.0,0.029800500014158106,0.02979946736685897,-1.0326472991359359e-06,1.216114888063849e-05,1.2161454257199135e-05,3.0537656064416195e-10,1.631406120260732e-07,1.6314049547569353e-07,-1.1655037966590466e-13,38.326291895340574,38.037472091606716,-0.2888198037338583,103.7040887011178,103.4577506864889,-0.24633801462890403,11.004279522940926,10.924543413051357,-0.07973610988956992,111.10597117884876,110.76868288921331,-0.33728828963545254,5.448927009660019e-07,5.407944120284279e-07,-4.098288937573914e-09,6.433069227484677e-10,6.400438021095466e-10,-3.263120638921118e-12,-0.010178402959973394,-0.010192630746141202,-1.4227786167808273e-05,-5.052331966421922e-06,-5.0503787263435854e-06,1.9532400783369303e-09,2.0192251530619725,2.0192080879534875,-1.706510848498155e-05,6.297059687193919,6.296271957159324,-0.0007877300345944249,,0.9974471188913202,,,1.0,,0.0,0.0,0.0,0.0,0.0,0.0,1.0,1.0,0.0,,3.586963699349194e-27,,,2356003128.608299,,True,True
alongtrack,3,0.001,17580.0,17580.0,0.0,7.324590897093286e-05,7.324567231470801e-05,-2.366562248495548e-10,17580.0,17580.0,0.0,17580.0,17580.0,0.0,0.02958869335222558,0.029589149436117564,4.5608389198301125e-07,1.234115702439873e-05,1.234639226595533e-05,5.235241556600392e-09,1.6304368983371105e-07,1.6302444720524458e-07,-1.9242628466470794e-11,5.308415840545115,5.37326776688798,0.06485192634286463,98.56513073876332,101.09163633365291,2.526505594889599,3.571602867020373,3.6390917127495155,0.06748884572914227,98.77257019702058,101.29972325531799,2.527153058297401,3.537247656495544e-08,3.554769376869147e-08,1.752172037360337e-10,4.2380099422706314e-11,4.243145019306284e-11,5.135077035652896e-14,-0.010352922926009523,-0.010569622950523506,-0.00021670002451398308,-4.175582188696978e-06,-4.243842217991752e-06,-6.826002929477382e-08,2.0108997572742457,2.010885938273151,-1.3819001094539374e-05,6.68883035368696,6.693269288028668,0.004438934341708389,,0.9963530269876003,,,0.9990882567469,,0.0,0.0,0.0,0.0,0.0,0.0,1.0,1.0,0.0,,3.41096503540176e-31,,,2309903245.0549846,,True,True
alongtrack,3,0.008,17580.0,17580.0,0.0,7.306828974925985e-05,7.306908206183232e-05,7.923125724707296e-10,17580.0,17580.0,0.0,17580.0,17580.0,0.0,0.029624854451187062,0.02962498638620893,1.3193502186592543e-07,1.1809565677141488e-05,1.1812499198136215e-05,2.9335209947275916e-09,1.5924437212417513e-07,1.5924992690358716e-07,5.554779412034272e-12,23.320847230808727,23.291340513161202,-0.029506717647524994,193.6635029836983,193.58233718021654,-0.08116580348175262,11.168790434200533,11.154858287706626,-0.013932146493907283,195.38207743609118,195.29730841584552,-0.08476902024565902,2.893586226316829e-07,2.8928139414117623e-07,-7.722849050665624e-11,3.438884059648555e-10,3.4409366992233623e-10,2.052639574807433e-13,-0.02674986978025345,-0.026755351673576042,-5.481893322591136e-06,-9.792366198443482e-06,-9.790912263010809e-06,1.4539354326730951e-09,2.0106776312821224,2.010680506159574,2.874877451652935e-06,6.8661518430004085,6.859375621811312,-0.0067762211890967095,,0.9963530269876003,,,0.99945295404814,,1.0,1.0,0.0,0.0,0.0,0.0,1.0,1.0,0.0,,2.10039952814395e-29,,,2327671919.2643285,,True,True
alongtrack,3,0.1,17540.0,17540.0,0.0,7.309810563091245e-05,7.309374268671708e-05,-4.3629441953636555e-09,17540.0,17540.0,0.0,17540.0,17540.0,0.0,0.029631626577606502,0.02963026637374769,-1.360203858810638e-06,1.1800865139886599e-05,1.180346240388612e-05,2.5972639995214378e-09,1.5733074492757365e-07,1.573529766979856e-07,2.2231770411950897e-11,54.37008252020257,54.015709586808555,-0.35437293339401776,238.8628777658908,237.95219425971558,-0.9106835061752179,19.118967758372637,19.01995066384091,-0.09901709453172813,245.71755162381507,244.74619947699864,-0.9713521468164288,3.697015389879471e-06,3.6919154167610407e-06,-5.09997311843042e-09,4.360466246847419e-09,4.3556829718670804e-09,-4.783274980338607e-12,-0.03829521570310664,-0.03815157293131161,0.00014364277179503004,-9.928954838852859e-06,-9.891423634894209e-06,3.7531203958649723e-08,2.010446324856447,2.0104376519960487,-8.672860398295512e-06,7.2833205533302925,7.279594588032367,-0.003725965297925349,,0.9963530269876003,,,0.99981765134938,,0.0,0.0,0.0,0.0,0.0,0.0,1.0,1.0,0.0,,3.0885248486130596e-27,,,2373855622.0421095,,True,True
alongtrack,4,0.001,17570.0,17570.0,0.0,7.354427724362027e-05,7.354439081940162e-05,1.1357578134810024e-10,17570.0,17570.0,0.0,17570.0,17570.0,0.0,0.02954709171257858,0.029547301007037115,2.0929445853495876e-07,1.2625305576234057e-05,1.2620064715369322e-05,-5.240860864735045e-09,1.665556222113927e-07,1.6653281997452552e-07,-2.2802236867174627e-11,6.057231161330264,5.990475301730065,-0.0667558596001987,112.96724002048461,112.50138275058848,-0.46585726989613363,4.112585871528367,4.073370576139087,-0.0392152953892797,113.20424342637632,112.73437480638103,-0.46986861999529594,4.939513154356126e-09,5.745249680766672e-09,8.057365264105463e-10,4.2473059893923914e-12,4.353993577013738e-12,1.0668758762134639e-13,0.01101067167151487,0.010960292464148896,-5.037920736597305e-05,2.8514748573537793e-06,2.8206560280601564e-06,-3.081882929362291e-08,1.9750073647707347,1.9748692740686025,-0.00013809070213222085,5.618970026864406,5.635775318464304,0.016805291599897743,,0.9961706783369803,,,1.0,,0.0,0.0,0.0,0.0,0.0,0.0,1.0,1.0,0.0,,3.423151117409107e-31,,,2356435317.891326,,True,True
alongtrack,4,0.008,17570.0,17570.0,0.0,7.35433894479523e-05,7.35401098169173e-05,-3.2796310350086642e-09,17570.0,17570.0,0.0,17570.0,17570.0,0.0,0.02952738686501476,0.029527194442940254,-1.924220745068428e-07,1.2769435589440744e-05,1.2766850506285895e-05,-2.5850831548486107e-09,1.6712241081921838e-07,1.6709646808188972e-07,-2.5942737328658903e-11,9.846641875886277,9.789590601453947,-0.0570512744323306,112.93559901659522,112.33911418100537,-0.5964848355898482,4.911424787508349,4.878846961473291,-0.03257782603505799,113.47038369069037,112.87034954668347,-0.6000341440068979,4.361842847149898e-08,4.462748221984557e-08,1.0090537483465874e-09,3.286293237523031e-11,3.3137854192777954e-11,2.7492181754764193e-13,0.012586756679423465,0.012465910207737064,-0.00012084647168640085,3.6386026962954106e-06,3.614337005450385e-06,-2.4265690845025665e-08,1.9739360398201424,1.9739145330365648,-2.1506783577596167e-05,5.502737735441484,5.509727600901469,0.006989865459984479,,0.9959883296863603,,,1.0,,1.0,0.0,-1.0,0.0,0.0,0.0,1.0,1.0,0.0,,2.2143144476090478e-29,,,2343857704.7045417,,True,True
alongtrack,4,0.1,17630.0,17630.0,0.0,7.383138332053034e-05,7.381590487709185e-05,-1.5478443438491957e-08,17630.0,17630.0,0.0,17630.0,17630.0,0.0,0.029641147598572868,0.02963873598942782,-2.4116091450476773e-06,1.2660289181029445e-05,1.2661292670244445e-05,1.003489215000599e-09,1.692938062517477e-07,1.6929988913984705e-07,6.082888099341089e-12,37.515311139524606,37.780653207399155,0.26534206787454906,140.97042065234976,141.48051993715225,0.510099284802493,10.759029785313707,10.835432153262232,0.07640236794852484,146.2730829329752,146.83842095450575,0.5653380215305503,5.847751119289474e-07,5.799067252227057e-07,-4.86838670624171e-09,4.453381384700415e-10,4.430374658046118e-10,-2.300672665429691e-12,0.020370669008230348,0.020408698712814973,3.802970458462521e-05,2.220316258378168e-06,2.246424299639629e-06,2.6108041261460755e-08,1.97395527433649,1.9739741947538711,1.892041738105199e-05,5.3864700905707945,5.400047266387838,0.013577175817043319,,0.9959883296863603,,,1.0,,0.0,0.0,0.0,0.0,0.0,0.0,1.0,1.0,0.0,,3.5065878015113046e-27,,,2328894211.52945,,True,True
alongtrack,5,0.001,17540.0,17540.0,0.0,7.336380079699265e-05,7.336787128973938e-05,4.070492746726241e-09,17540.0,17540.0,0.0,17540.0,17540.0,0.0,0.02948428555480879,0.02948461726551887,3.317107100768435e-07,1.2485873904170386e-05,1.2484941858981177e-05,-9.320451892088987e-10,1.6459968320895863e-07,1.6462733099637316e-07,2.7647787414528586e-11,2.418570851882989,2.3891412952978963,-0.02942955658509261,34.717417962486934,33.20438682384873,-1.5130311386382047,1.4075464026731215,1.372052612120842,-0.035493790552279414,34.83001265895932,33.31849079485902,-1.5115218641003025,9.366035941759086e-09,8.23968267271082e-09,-1.126353269048266e-09,1.5047519634033495e-11,1.3542882314097984e-11,-1.5046373199355112e-12,-0.0005981312112798848,-0.00033670694945565254,0.0002614242618242322,2.6338352116174765e-06,2.690315622510035e-06,5.6480410892558525e-08,2.020393001835934,2.020356372435284,-3.662940064996789e-05,7.089463953179969,7.112696142957993,0.02323218977802366,,0.9958059810357404,,,1.0,,1.0,1.0,0.0,0.0,0.0,0.0,1.0,1.0,0.0,,3.392007896682445e-31,,,2357472804.9315624,,True,True
alongtrack,5,0.008,17530.0,17530.0,0.0,7.3129450144796e-05,7.313104039644674e-05,1.590251650740275e-09,17530.0,17530.0,0.0,17530.0,17530.0,0.0,0.029396384503587655,0.029396502915793946,1.1841220629027482e-07,1.2703671388900921e-05,1.2706664006782921e-05,2.992617881999757e-09,1.6700482598972158e-07,1.6702851972737822e-07,2.36937376566404e-11,13.482604107389802,13.509745658094674,0.02714155070487223,78.29661324798073,78.96452624082882,0.6679129928480876,5.843841198237044,5.870228375277249,0.026387177040205323,79.66360988287367,80.32664074491639,0.6630308620427172,7.316078438101902e-08,7.464548812905474e-08,1.4847037480357178e-09,1.1840582553685296e-10,1.2043381343063164e-10,2.027987893778681e-12,0.010314805814997335,0.010394680959144996,7.98751441476609e-05,8.399053558578452e-06,8.428004574923864e-06,2.8951016345411814e-08,2.0203919132066304,2.020370817745469,-2.1095461161468876e-05,7.087613713123762,7.082296946578942,-0.005316766544820162,,0.9958059810357404,,,1.0,,0.0,0.0,0.0,0.0,0.0,0.0,1.0,1.0,0.0,,2.2014285154050848e-29,,,2354852458.175759,,True,True
alongtrack,5,0.1,17460.0,17460.0,0.0,7.247533207515428e-05,7.247261316871488e-05,-2.7189064394014806e-09,17460.0,17460.0,0.0,17460.0,17460.0,0.0,0.02894550406976531,0.02894473579742111,-7.682723441974904e-07,1.2666988608637252e-05,1.2666828853773578e-05,-1.5975486367368087e-10,1.6678224125564965e-07,1.6678906431048426e-07,6.82305483461128e-12,49.40445645104868,49.53673871206616,0.13228226101747964,130.2579967963447,130.67007345050777,0.4120766541630587,15.627817371343326,15.649949642396264,0.02213227105293747,140.18621445210712,140.61819761893602,0.4319831668288998,9.411248099200436e-07,9.370571025779959e-07,-4.06770734204763e-09,1.5037793203174029e-09,1.500070528808317e-09,-3.708791509085942e-12,0.023636596076672213,0.02363239277971893,-4.2032969532826425e-06,1.718582073881704e-05,1.7182028849030087e-05,-3.7918897869524564e-09,2.0204278214007925,2.020423288381475,-4.533019317687348e-06,7.043347016301961,7.0422225666867035,-0.0011244496152578165,,0.9958059810357404,,,1.0,,0.0,0.0,0.0,0.0,0.0,0.0,1.0,1.0,0.0,,3.418802480164382e-27,,,2355242526.067173,,True,True
alongtrack,6,0.001,17570.0,17570.0,0.0,7.336716643139257e-05,7.336826045830716e-05,1.0940269145931535e-09,17570.0,17570.0,0.0,17570.0,17570.0,0.0,0.029556371761858297,0.029556547891117974,1.7612925967691595e-07,1.2334018602019784e-05,1.2335139013833161e-05,1.1204118133772658e-09,1.6396224106222018e-07,1.6395926435937612e-07,-2.9767028440596417e-12,2.4460792544298884,2.4493929595926938,0.0033137051628053804,47.074868054501,47.232417442712645,0.15754938821164188,1.5372462169039982,1.5442928136869014,0.007046596782903203,47.16343532864222,47.32109068531253,0.15765535667030406,7.173848159076025e-08,7.11853124770097e-08,-5.531691137505387e-10,8.008564415781581e-11,7.935752478571346e-11,-7.28119372102352e-13,-0.004279080972152356,-0.004288793133802066,-9.712161649709505e-06,-1.4697906569570154e-06,-1.483021715663758e-06,-1.3231058706742632e-08,2.0131882068931586,2.013209347762441,2.1140869282287866e-05,9.457644982600872,9.443334125460051,-0.014310857140820588,,0.9963530269876003,,,0.9287016776075857,,0.0,0.0,0.0,0.0,0.0,0.0,1.0,1.0,0.0,,3.3978158714427428e-31,,,2342676187.916371,,True,True
alongtrack,6,0.008,17570.0,17570.0,0.0,7.32464348383829e-05,7.324633110086969e-05,-1.037375132084857e-10,17570.0,17570.0,0.0,17570.0,17570.0,0.0,0.02954774223687548,0.029547779183508066,3.69466325866874e-08,1.2187561902161295e-05,1.2188319280371182e-05,7.573782098865383e-10,1.6218996932720117e-07,1.6218868748587922e-07,-1.2818413219480946e-12,11.982017984588012,11.986549931099015,0.004531946511002971,81.66685122253361,81.60524548315973,-0.06160573937387426,5.419210340902616,5.419022024852951,-0.00018831604966518256,82.71886836934712,82.65869143244001,-0.06017693690711212,5.686626951409469e-07,5.684695858634108e-07,-1.9310927753606808e-10,6.337410649286981e-10,6.333194447834134e-10,-4.2162014528472483e-13,-0.01049806505206716,-0.010518825224889644,-2.076017282248363e-05,-3.3353855236322376e-06,-3.337082716947283e-06,-1.6971933150452265e-09,2.013105604678068,2.0130909275747797,-1.467710328828531e-05,9.450595536097552,9.453848330014662,0.003252793917109642,,0.9963530269876003,,,0.9277899343544858,,1.0,0.0,-1.0,0.0,0.0,0.0,1.0,1.0,0.0,,2.1524415856614804e-29,,,2348911808.2121897,,True,True
alongtrack,6,0.1,17540.0,17540.0,0.0,7.316016903287786e-05,7.315173516091412e-05,-8.433871963737507e-09,17540.0,17540.0,0.0,17540.0,17540.0,0.0,0.02945958335174417,0.029458103114657602,-1.4802370865672765e-06,1.2205061349638156e-05,1.2205040290270619e-05,-2.105936753717748e-11,1.6087907931475645e-07,1.6087497488884692e-07,-4.10442590953821e-12,33.15221060892253,33.19077412232522,0.038563513402692706,102.58419318670933,102.44972950846997,-0.13446367823935645,11.50763636045233,11.53616565184778,0.028529291395448908,108.42053059559736,108.30816073198154,-0.11236986361581103,6.927572270204946e-06,6.928133518846639e-06,5.612486416923355e-10,7.702568414661074e-09,7.700769618000343e-09,-1.7987966607307666e-12,-0.019664512223749035,-0.019704616874878945,-4.0104651129909547e-05,-3.027373213143887e-06,-3.020655018207299e-06,6.718194936588057e-09,2.013053521400832,2.013044214847709,-9.306553123256123e-06,9.510801485975444,9.517823398728805,0.007021912753360837,,0.9959883296863603,,,0.9268781911013858,,1.0,0.0,-1.0,0.0,0.0,0.0,1.0,1.0,0.0,,3.2024929684603467e-27,,,2350984999.8446155,,True,True
alongtrack,7,0.001,17580.0,17580.0,0.0,7.340495582569828e-05,7.340233718589754e-05,-2.618639800741054e-09,17580.0,17580.0,0.0,17580.0,17580.0,0.0,0.029556344357130226,0.029556403080144223,5.872301399659219e-08,1.2559551155366254e-05,1.2555303161631145e-05,-4.247993735109217e-09,1.659495079155332e-07,1.6590878242914597e-07,-4.072548638723128e-11,4.442186689864303,4.330803515376359,-0.1113831744879441,88.84554658971608,87.62485021756335,-1.2206963721527302,2.862807924609838,2.790806811360751,-0.0720011132490872,89.00258333681234,87.77618604950631,-1.2263972873060283,5.9716607437222425e-09,6.384423926664649e-09,4.127631829424066e-10,9.234799435724018e-12,6.9503763351323744e-12,-2.284423100591643e-12,0.008675995022681163,0.008515128285399324,-0.00016086673728183884,1.8123910217324166e-06,1.7566110541252835e-06,-5.5779967607133126e-08,2.0474087826012686,2.047315842806233,-9.29397950355515e-05,6.831507610929859,6.801515232762331,-0.029992378167527534,,0.9961706783369803,,,1.0,,0.0,0.0,0.0,0.0,0.0,0.0,1.0,1.0,0.0,,3.3289136346538737e-31,,,2414859100.7303777,,True,True
alongtrack,7,0.008,17590.0,17590.0,0.0,7.355110636511369e-05,7.355036238865688e-05,-7.439764568024487e-10,17590.0,17590.0,0.0,17590.0,17590.0,0.0,0.02960901724647709,0.029608965691279087,-5.155519800306707e-08,1.284986404766033e-05,1.2851209409846823e-05,1.3453621864932617e-09,1.6726001896131756e-07,1.672616796918364e-07,1.6607305188402685e-12,12.651946512528976,12.68116728807632,0.029220775547344147,103.19857563556089,103.38997138184727,0.1913957462863891,5.837314403136281,5.849443525388886,0.012129122252605207,104.13497012630067,104.32887508108237,0.19390495478170067,4.714051100732442e-08,4.7078491581075025e-08,-6.20194262493926e-11,6.46439993762285e-11,6.419067453615203e-11,-4.5332484007646354e-13,0.010785846603912713,0.010773794732917796,-1.2051870994917585e-05,1.5945938605985547e-06,1.600545580790655e-06,5.951720192100312e-09,2.0471077352719274,2.0470862836404495,-2.1451631477820143e-05,6.791658300237772,6.793374285263179,0.0017159850254069298,,0.9961706783369803,,,1.0,,0.0,0.0,0.0,0.0,0.0,0.0,1.0,1.0,0.0,,2.1993751927802083e-29,,,2340563703.474441,,True,True
alongtrack,7,0.1,17580.0,17580.0,0.0,7.315416176311743e-05,7.314361972730874e-05,-1.0542035808688041e-08,17580.0,17580.0,0.0,17580.0,17580.0,0.0,0.02954591524201957,0.029543433888557374,-2.4813534621956346e-06,1.2477376841737168e-05,1.247963476693118e-05,2.257925194012591e-09,1.6603852717686683e-07,1.6606138601141368e-07,2.285883454684848e-11,35.73137555424637,35.863954965105236,0.1325794108588667,95.92774328266181,96.61652839710852,0.6887851144467163,9.897076844378745,9.960515495047304,0.0634386506685587,102.84364472521577,103.53834407684649,0.6946993516307174,5.836679971432447e-07,5.830890565532998e-07,-5.789405899448841e-10,8.397624404124746e-10,8.402200989411868e-10,4.576585287122855e-13,0.0069527176558541555,0.0070797133461294424,0.000126995690275287,6.763669554662613e-07,7.226721059317394e-07,4.6305150465478094e-08,2.0470623223373625,2.047068582222503,6.259885140469379e-06,6.673762807031395,6.672452813231449,-0.0013099937999454525,,0.9961706783369803,,,1.0,,0.0,0.0,0.0,0.0,0.0,0.0,1.0,1.0,0.0,,3.3100352172023135e-27,,,2355891562.742152,,True,True
alongtrack,8,0.001,17580.0,17580.0,0.0,7.356395598429151e-05,7.356821099320114e-05,4.2550089096273684e-09,17580.0,17580.0,0.0,17580.0,17580.0,0.0,0.029574014377055497,0.029574114565434934,1.0018837943645553e-07,1.2398422193607286e-05,1.2402183168570661e-05,3.760974963374578e-09,1.6638669411794894e-07,1.66419287312914e-07,3.259319496505788e-11,5.148241579204619,5.2232975857607515,0.07505600655613254,137.10346278861743,138.48330623885607,1.3798434502386385,3.562383512203875,3.610324522381912,0.04794101017803687,137.2463277332974,138.62879710821673,1.3824693749193386,3.001434437232066e-08,3.144668617524404e-08,1.4323418029233777e-09,4.0896018722042006e-11,4.253032100266102e-11,1.6343022806190134e-12,0.013031647849183812,0.013202141098597336,0.00017049324941352355,2.008287597418253e-06,2.0464278595428655e-06,3.814026212461236e-08,2.0098125840350356,2.0098163531567588,3.769121723173896e-06,7.840575984311972,7.8997639106715605,0.059187926359588694,,0.9970824215900802,,,0.9981765134938001,,1.0,0.0,-1.0,0.0,0.0,0.0,1.0,1.0,0.0,,3.4844204105437233e-31,,,2317584047.334775,,True,True
alongtrack,8,0.008,17610.0,17610.0,0.0,7.410252911603299e-05,7.410322986404211e-05,7.007480091255226e-10,17610.0,17610.0,0.0,17610.0,17610.0,0.0,0.029695822393861378,0.029695862619101676,4.0225240298397136e-08,1.2816605810573722e-05,1.2818817913066638e-05,2.212102492915385e-09,1.6994603765963957e-07,1.6995992106511288e-07,1.3883405473310397e-11,20.936526684150675,20.942151340543052,0.005624656392377858,169.10167582816277,169.57533550704343,0.47365967888066507,9.292730057907443,9.306349466704312,0.013619408796868626,170.6460364304379,171.11684971239094,0.47081328195304195,2.563895666881131e-07,2.566214460727751e-07,2.318793846619965e-10,3.4917549698733877e-10,3.4927822887166767e-10,1.0273188432890355e-13,0.023649807906898346,0.02368525442441092,3.544651751257247e-05,2.3446778779013276e-06,2.3633310425924145e-06,1.8653164691086837e-08,2.009080711046055,2.009073692828016,-7.018218038723489e-06,7.720945456425695,7.717591635027473,-0.0033538213982220455,,0.9974471188913202,,,0.9981765134938001,,0.0,0.0,0.0,0.0,0.0,0.0,1.0,1.0,0.0,,2.250629335858636e-29,,,2341446783.9588737,,True,True
alongtrack,8,0.1,17660.0,17660.0,0.0,7.686141273183715e-05,7.684135487329428e-05,-2.005785854287045e-08,17660.0,17660.0,0.0,17660.0,17660.0,0.0,0.030250416041567023,0.03024823276225554,-2.1832793114830162e-06,1.2699708846078776e-05,1.2699765548575172e-05,5.670249639525731e-11,1.7427447325875002e-07,1.7426363669819116e-07,-1.0836560558860505e-11,51.76903882432397,51.676852042297334,-0.0921867820266371,203.38911302938828,203.49881686112923,0.10970383174094422,19.65135742957381,19.611775969163137,-0.03958146041067323,210.79217378380181,210.87173176494176,0.07955798113994206,3.28979542991872e-06,3.288362900733504e-06,-1.4325291852158728e-09,4.523881504435026e-09,4.5226381788648445e-09,-1.2433255701810897e-12,0.036039308399306566,0.035990676135181005,-4.863226412556154e-05,-3.508494825960034e-06,-3.5019083153861006e-06,6.586510573933485e-09,2.008831030313032,2.0087748993606738,-5.6130952358124375e-05,7.290743863700825,7.271572063717184,-0.01917179998364027,,0.9972647702407003,,,0.9981765134938001,,0.0,0.0,0.0,0.0,0.0,0.0,1.0,1.0,0.0,,3.747348397147987e-27,,,2369306392.9574986,,True,True
alongtrack,9,0.001,17570.0,17570.0,0.0,7.330578368236648e-05,7.330263533712863e-05,-3.1483452378472257e-09,17570.0,17570.0,0.0,17570.0,17570.0,0.0,0.029561513758480304,0.029561812328363708,2.9856988340362656e-07,1.2343302937347442e-05,1.2345335454791543e-05,2.0325174441013303e-09,1.6341444222394228e-07,1.6336837101725417e-07,-4.6071206688101425e-11,4.173443760675471,4.318569380484803,0.14512561980933203,107.90250994903995,111.35559029795006,3.453080348910106,2.9477603364778258,3.0652393907585864,0.11747905428076066,108.02341679991194,111.48144789435428,3.458031094442333,3.517882746219812e-08,3.346237376291964e-08,-1.7164536992784811e-09,2.6051882943489225e-11,2.3851845531373238e-11,-2.2000374121159876e-12,-0.009931554809308804,-0.010280448218791717,-0.0003488934094829123,-2.8442442379010212e-06,-2.9460317079611357e-06,-1.0178747006011445e-07,2.0096128927685197,2.009606799193387,-6.093575132926077e-06,4.244097667884659,4.2317126205542,-0.012385047330458754,,0.9976294675419402,,,1.0,,0.0,0.0,0.0,0.0,0.0,0.0,1.0,1.0,0.0,,3.3787867993014467e-31,,,2344476339.8550825,,True,True
alongtrack,9,0.008,17550.0,17550.0,0.0,7.341620650756742e-05,7.341549094139596e-05,-7.155661714612583e-10,17550.0,17550.0,0.0,17550.0,17550.0,0.0,0.02952678631304265,0.02952673851204957,-4.780099308043795e-08,1.1979214684228031e-05,1.1978713910274799e-05,-5.007739532326505e-10,1.6142721891298153e-07,1.6142349152406353e-07,-3.72738891800361e-12,12.505339886918986,12.496310825267086,-0.00902906165189954,164.13433315306082,164.33107975828665,0.196746605225826,7.052531798240655,7.055792581034003,0.0032607827933484046,164.76104227047279,164.95649659141233,0.19545432093954673,2.690255278559261e-07,2.708414763868108e-07,1.8159485308846936e-09,1.919926766695869e-10,1.9414642179860857e-10,2.1537451290216647e-12,-0.016623142250023107,-0.016663465841576436,-4.0323591553328986e-05,-4.5306711687826425e-06,-4.535281738336147e-06,-4.610569553504306e-09,2.009334686651381,2.0093129132977885,-2.177335359254684e-05,4.214791440632044,4.215454376207884,0.0006629355758400735,,0.9976294675419402,,,1.0,,0.0,1.0,1.0,0.0,0.0,0.0,1.0,1.0,0.0,,2.155700869941754e-29,,,2344354333.0447764,,True,True
alongtrack,9,0.1,17440.0,17440.0,0.0,7.488313311800937e-05,7.487790200664143e-05,-5.2311113679420675e-09,17440.0,17440.0,0.0,17440.0,17440.0,0.0,0.029418270052515277,0.02941676709908053,-1.5029534347482665e-06,1.1790867708914004e-05,1.1791167927772539e-05,3.0021885853519746e-10,1.5762445351070394e-07,1.576316237339591e-07,7.170223255163162e-12,39.86520539930608,39.70143773435853,-0.16376766494754946,220.11313342187202,219.81774654203363,-0.2953868798383894,14.008087950748411,13.96269336618362,-0.045394584564791174,224.13222132116482,223.81019337606352,-0.32202794510129706,3.404477101140064e-06,3.4091363407385117e-06,4.659239598447606e-09,2.4411397701098795e-09,2.445184645774061e-09,4.044875664181593e-12,-0.0286762041887184,-0.028635547776027104,4.065641269129436e-05,-4.9145009810559535e-06,-4.897227422829328e-06,1.7273558226625185e-08,2.0094096811029942,2.0093898506453143,-1.9830457679947955e-05,4.297245146882344,4.284048991474662,-0.013196155407682042,,0.9976294675419402,,,1.0,,0.0,0.0,0.0,0.0,0.0,0.0,1.0,1.0,0.0,,3.417174538684999e-27,,,2392063043.919866,,True,True
crosstrack,0,0.001,17510.0,17510.0,0.0,0.0002156867285927399,0.00021574111944030412,5.4390847564230035e-08,18590.0,18590.0,0.0,20470.0,20470.0,0.0,0.05898892274009737,0.059003421542946854,1.4498802849483017e-05,1.831416240693822e-05,1.835261364556309e-05,3.845123862487068e-08,6.93325305256049e-07,6.940333961397724e-07,7.080908837233087e-10,2.00154480064671,1.6112812874506555,-0.39026351319605435,3.6249116360029263,2.9820015475848147,-0.6429100884181116,69.45138216383995,56.00371073135577,-13.447671432484185,69.57471272255152,56.10618661340709,-13.468526109144435,3.752946339433178e-08,3.61647665531846e-08,-1.364696841147175e-09,3.254690756879852e-11,3.0947618058978994e-11,-1.5992895098195255e-12,0.004812450073163638,0.003982045373320344,-0.0008304046998432934,9.17005740802186e-06,4.8060647119467686e-06,-4.363992696075092e-06,2.126616496670838,2.0210799551470986,-0.10553654152373948,54.66644559725673,6.57383840321068,-48.09260719404605,,0.9972647702407003,,,1.0,,0.0,0.0,0.0,1.0,1.0,0.0,0.9523299410819497,0.952597750401714,0.00026780931976433386,,1.991484934312615e-31,,,4997451822.666196,,True,True
crosstrack,0,0.008,17510.0,17510.0,0.0,0.00021563776736393975,0.0002154624752051679,-1.7529215877185663e-07,18590.0,18590.0,0.0,20470.0,20480.0,10.0,0.05897483421777486,0.05883708529625579,-0.00013774892151906942,1.833470941305657e-05,1.820331360618688e-05,-1.313958068696906e-07,6.930735964014586e-07,6.891871090200902e-07,-3.886487381368411e-09,3.849485283541249,8.223891299719595,4.374406016178346,4.420594931166145,10.179800658167924,5.7592057270017785,55.87523907426534,102.87439174046811,46.999152666202775,56.181870190480126,103.70342909239277,47.52155890191264,2.836051382920222e-07,2.8365996898150327e-07,5.4830689481061913e-11,2.417831653719285e-10,2.4204700565575157e-10,2.638402838230917e-13,0.005265068983550328,0.010198312361888619,0.004933243378338291,9.372546920954864e-06,8.98646441651702e-06,-3.860825044378445e-07,2.023649120787655,2.0215499679559388,-0.0020991528317160224,7.403224641689914,6.572932636101938,-0.8302920055879763,,0.9974471188913202,,,1.0,,0.0,0.0,0.0,1.0,1.0,0.0,0.9523299410819497,0.9520621317621853,-0.00026780931976433386,,1.2359137334219855e-29,,,5080410182.3771305,,True,True
crosstrack,0,0.1,17490.0,17490.0,0.0,0.00021685069306299397,0.00021682262427258857,-2.8068790405399568e-08,18590.0,18590.0,0.0,20500.0,20500.0,0.0,0.058583481846734786,0.05853740978517527,-4.60720615595156e-05,1.855994905676512e-05,1.8589324946122955e-05,2.9375889357833494e-08,6.874164132791512e-07,6.867544233275271e-07,-6.619899516240687e-10,40.53065606553013,44.50247376361465,3.9718176980845215,20.362077618413647,21.727496886927977,1.36541926851433,160.8619090042873,172.25470207830156,11.392793074014264,167.13438322064135,179.23235388773168,12.097970667090323,3.590720979511662e-06,3.591236798801481e-06,5.158192898192395e-10,3.089558839265291e-09,3.0906505272058033e-09,1.0916879405121025e-12,0.024857315242028423,0.026790017644315385,0.001932702402286962,1.9141119570578443e-05,1.938140750610901e-05,2.402879355305662e-07,2.0219719043760613,2.021822166209504,-0.00014973816655716732,6.600188619411391,6.388493070734961,-0.21169554867642937,,0.9972647702407003,,,1.0,,0.0,0.0,0.0,1.0,1.0,0.0,0.9504817987152034,0.9502141327623126,-0.0002676659528908498,,1.7521227581035576e-27,,,5266921309.376961,,True,True
crosstrack,1,0.001,17650.0,17510.0,-140.0,0.00021138148177145835,0.00021579981494860098,4.418333177142624e-06,18620.0,18590.0,-30.0,20350.0,20480.0,130.0,0.06416665255283772,0.059019720283233365,-0.00514693226960436,2.528453878175276e-05,1.838334211331199e-05,-6.90119666844077e-06,8.654769178857498e-07,6.945679365234245e-07,-1.7090898136232533e-07,224.27481973890085,1.4358683488318091,-222.83895139006904,132.73293091656473,2.7098633114929505,-130.0230676050718,1146.4986366414487,56.80224730919613,-1089.6963893322525,1175.7450189302606,56.8849749622625,-1118.860043967998,9.773862112907592e-09,1.3715501904993974e-08,3.941639792086382e-09,5.143133410163744e-12,8.488778952543227e-12,3.3456455423794833e-12,-0.15501387839777198,0.003227703513494018,0.158241581911266,-8.186627230930255e-05,2.8440680593697492e-06,8.47103403686723e-05,739.7824271091129,2.022111233310544,-737.7603158758023,1099964.9121979729,10.304411802046154,-1099954.607786171,,0.9981765134938001,,,0.9288840262582057,,0.0,1.0,1.0,1.0,1.0,0.0,0.9626344086021505,0.9523299410819497,-0.010304467520200866,,1.9618862619532945e-31,,,5070751283.801044,,True,True
crosstrack,1,0.008,17510.0,17510.0,0.0,0.00021682519795445982,0.0002158897768689775,-9.354210854823231e-07,18600.0,18590.0,-10.0,20510.0,20480.0,-30.0,0.05887780062018423,0.05903965730280309,0.00016185668261885916,1.8601519500564823e-05,1.8527183549130312e-05,-7.43359514345109e-08,6.913399540847583e-07,6.957116402701455e-07,4.371686185387249e-09,15.591199281635115,5.288781537721865,-10.30241774391325,5.887148328108136,1.8254446144206007,-4.061703713687535,60.33850306517961,41.544916438552995,-18.793586626626613,62.59775525227318,41.919965888349864,-20.677789363923317,1.1028799582006175e-07,1.1005271094099947e-07,-2.352848790622802e-10,6.731409368407379e-11,6.773083234285833e-11,4.167386587845415e-13,0.004707265854236313,0.0020277050664485557,-0.0026795607877877574,1.1882786935487652e-05,3.998039583791237e-06,-7.884747351696416e-06,3.161253478803416,2.016149134067911,-1.145104344735505,1545.0142976502354,9.257519580080302,-1535.7567780701552,,0.9981765134938001,,,0.9923413566739606,,0.0,0.0,0.0,1.0,1.0,0.0,0.950990894483128,0.9520621317621853,0.0010712372790573355,,1.2636024635432276e-29,,,5036589959.22676,,True,True
crosstrack,1,0.1,17500.0,17500.0,0.0,0.00021667227020886196,0.0002164533602185631,-2.1890999029887024e-07,18590.0,18590.0,0.0,20510.0,20510.0,0.0,0.05872170020844145,0.058670466121324975,-5.123408711647792e-05,1.8972072952373354e-05,1.9000013768470008e-05,2.7940816096654102e-08,6.897313477068371e-07,6.88817981919611e-07,-9.13365787226019e-10,28.63248973791614,32.33793098218617,3.705441244270034,9.94075861517178,11.45420955989337,1.5134509447215887,121.56342407908309,132.96103649862692,11.397612419543833,125.28489224271209,137.3156142747058,12.030722031993719,1.4622343059256763e-06,1.4667420982661264e-06,4.507792340450086e-09,8.985446516710614e-10,9.043495887296825e-10,5.804937058621122e-12,0.01639683268759635,0.018645989315506675,0.002249156627910323,-1.3745143039180472e-06,-1.1861613279494693e-06,1.883529759685779e-07,2.0245307445405873,2.0164968939951016,-0.008033850545485777,24.21637721123989,12.19299517348751,-12.02338203775238,,0.9983588621444202,,,0.7828227571115973,,0.0,1.0,1.0,1.0,1.0,0.0,0.951004016064257,0.9507362784471218,-0.0002677376171351664,,1.769795421024497e-27,,,5341848167.850216,,True,True
crosstrack,2,0.001,17500.0,17510.0,10.0,0.00021498980656379816,0.00021572984744936156,7.400408855634045e-07,18590.0,18590.0,0.0,20470.0,20480.0,10.0,0.058554043251177995,0.05891655903222623,0.0003625157810482338,1.8340943871320096e-05,1.828823655847309e-05,-5.2707312847007315e-08,6.795920602019512e-07,6.91110956342998e-07,1.151889614104682e-08,27.339083123977534,2.55638887594514,-24.782694248032396,24.64205529770122,5.206143545075599,-19.43591175262562,284.71691897958556,102.25537361368067,-182.4615453659049,287.08601552249564,102.41972704303798,-184.66628847945765,8.626732184609025e-09,8.168024790367161e-09,-4.587073942418638e-10,6.5447806728254515e-12,6.674190816500211e-12,1.294101436747591e-13,0.02298874094185498,0.0056304570203811605,-0.01735828392147382,-6.895650159548228e-08,3.414740113176299e-06,3.4836966147717813e-06,72.70074117090486,2.023447412521853,-70.67729375838302,99753.97261926382,6.643845090497232,-99747.32877417332,,0.9974471188913202,,,0.9952589350838804,,0.0,0.0,0.0,1.0,1.0,0.0,0.9526104417670683,0.9523299410819497,-0.00028050068511864534,,1.9310231536039367e-31,,,5121354862.080875,,True,True
crosstrack,2,0.008,17510.0,17510.0,0.0,0.0002143390870351998,0.00021571246807893058,1.3733810437307906e-06,18590.0,18590.0,0.0,20460.0,20480.0,20.0,0.058648783332531214,0.05881494807817204,0.00016616474564082329,1.8513363868684048e-05,1.8331806051262257e-05,-1.8155781742179092e-07,6.823815589628859e-07,6.876634883821326e-07,5.281929419246648e-09,27.873125819056803,7.269155341362786,-20.603970477694016,22.24189579928139,9.7997092750998,-12.44218652418159,246.91141874297878,135.8339449769145,-111.07747376606429,249.47316845172287,136.38084736958038,-113.09232108214249,6.210359983532123e-08,6.398212931573824e-08,1.878529480417009e-09,6.050475433983316e-11,5.815435190665754e-11,-2.3504024331756197e-12,0.01980245815510271,0.009127081840967107,-0.010675376314135603,1.0877778802267495e-06,4.643245840333214e-06,3.555467960106465e-06,3.076941989189632,2.021821744413656,-1.055120244775976,1503.985708734345,6.623415352428815,-1497.3622933819163,,0.9974471188913202,,,0.9961706783369803,,0.0,0.0,0.0,1.0,1.0,0.0,0.9528655597214784,0.9520621317621853,-0.0008034279592930016,,1.2424826249168716e-29,,,5072940294.360927,,True,True
crosstrack,2,0.1,17500.0,17500.0,0.0,0.00021742848194905825,0.00021746501333269936,3.653138364110697e-08,18600.0,18610.0,10.0,20530.0,20530.0,0.0,0.058565980690544785,0.0585199266101696,-4.605408037518244e-05,1.9425651989810117e-05,1.936918549096429e-05,-5.646649884582638e-08,6.866573182648072e-07,6.853432259362563e-07,-1.3140923285508162e-09,45.47582783432636,45.49775151676088,0.02192368243451881,17.202752033316433,17.76426797998952,0.5615159466730866,149.07904133875596,157.92768267175367,8.848641332997715,156.80735365798242,165.30809890630258,8.500745248320158,8.386240851369894e-07,8.356691548546989e-07,-2.9549302822904584e-09,7.431437598533628e-10,7.396020442331948e-10,-3.541715620167972e-12,0.023626564863525056,0.024131469827219528,0.0005049049636944719,1.1768484173563286e-05,1.1631380570706904e-05,-1.3710360285638172e-07,2.025140145815599,2.020851135771926,-0.004289010043672992,14.14847631452622,7.10380138537907,-7.044674929147151,,0.9974471188913202,,,0.9941648431801605,,1.0,0.0,-1.0,1.0,1.0,0.0,0.9496653279785809,0.9496653279785809,0.0,,1.8754654136075455e-27,,,5211468312.645511,,True,True
crosstrack,3,0.001,17500.0,17510.0,10.0,0.00021602774995874865,0.00021589269683592552,-1.3505312282312775e-07,18590.0,18600.0,10.0,20500.0,20480.0,-20.0,0.058574691643249056,0.05904536399625865,0.00047067235300959215,1.8078504233777872e-05,1.841807665058528e-05,3.395724168074096e-07,6.817540532478088e-07,6.954536386576162e-07,1.3699585409807405e-08,9.856942497498295,1.0993186899250587,-8.757623807573236,14.102550599560733,1.6089725428511075,-12.493578056709625,224.67277672949575,24.562567111479346,-200.1102096180164,225.33064117459475,24.63974426270683,-200.6908969118879,3.8952479006662147e-08,4.126142959020274e-08,2.3089505835405932e-09,4.138549943044685e-11,4.414777167204695e-11,2.7622722416001006e-12,0.018619566281877654,0.0014509871345614652,-0.01716857914731619,-6.4987111489125115e-06,-4.517425092546087e-07,6.0469686396579025e-06,5.095208118929711,2.008822200180976,-3.086385918748735,3234.381181483091,6.513918067363908,-3227.867263415727,,0.9963530269876003,,,1.0,,1.0,0.0,-1.0,1.0,1.0,0.0,0.9515394912985274,0.9523299410819497,0.0007904497834222424,,1.9565063997457702e-31,,,5088688971.040084,,True,True
crosstrack,3,0.008,17510.0,17510.0,0.0,0.0002152394890473016,0.00021580117744652387,5.616883992222801e-07,18590.0,18590.0,0.0,20480.0,20480.0,0.0,0.05875707186576042,0.059013881520555055,0.0002568096547946319,1.8272917270324933e-05,1.844115101702332e-05,1.6823374669838772e-07,6.869233485102113e-07,6.941399418247094e-07,7.2165933144981026e-09,8.740490608084787,4.568005209477102,-4.1724853986076855,12.041112459045335,5.16746518205671,-6.873647276988625,142.20719850125988,53.01304246399787,-89.19415603726202,142.98346712434318,53.459817052541624,-89.52365007180155,3.1692838263682195e-07,3.198869217906064e-07,2.9585391537844586e-09,3.378888082066639e-10,3.4147678422328825e-10,3.587976016624371e-12,0.012763312707064952,0.002632762239875988,-0.010130550467188965,-3.893494099670292e-06,-1.3461472542755055e-06,2.5473468453947865e-06,2.0536062488497,2.0089133674410857,-0.04469288140861405,51.542498962819195,6.496738049197098,-45.0457609136221,,0.9963530269876003,,,1.0,,0.0,0.0,0.0,1.0,1.0,0.0,0.9520621317621853,0.9523299410819497,0.00026780931976433386,,1.2510152740679743e-29,,,5066316376.605898,,True,True
crosstrack,3,0.1,17510.0,17510.0,0.0,0.00021502360912560518,0.00021507581298976867,5.220386416348471e-08,18580.0,18580.0,0.0,20460.0,20460.0,0.0,0.05901702199098103,0.059028304227357165,1.128223637613529e-05,1.850457705910336e-05,1.855554212456302e-05,5.096506545965919e-08,6.933157025114642e-07,6.936868984742929e-07,3.711959628286408e-10,11.043661734101876,10.946759243737034,-0.09690249036484211,6.407032778981047,6.337537840311127,-0.06949493866992018,43.36350032899324,42.38432172656189,-0.9791786024313467,45.20404511004297,44.23151198001742,-0.9725331300255462,3.905176457674805e-06,3.9020922472605e-06,-3.08421041430512e-09,4.141818505803791e-09,4.138383601383277e-09,-3.434904420514165e-12,0.0018017875640832163,0.0014665221258126579,-0.00033526543827055847,-1.4780930415375342e-06,-1.4825089772064285e-06,-4.415935668894302e-09,2.009150245748675,2.0090580712410353,-9.2174507639875e-05,6.973396883560238,6.920797130388214,-0.052599753172023256,,0.9963530269876003,,,1.0,,0.0,1.0,1.0,1.0,1.0,0.0,0.9528655597214784,0.9528655597214784,0.0,,1.821749577338976e-27,,,5107477216.9499,,True,True
crosstrack,4,0.001,17520.0,17510.0,-10.0,0.00021511035541039617,0.00021588162992451868,7.712745141225032e-07,18600.0,18600.0,0.0,20470.0,20480.0,10.0,0.05912294005989793,0.05903527013135985,-8.766992853808525e-05,1.8475532818294783e-05,1.8407285261035274e-05,-6.824755725950895e-08,6.9750436528198e-07,6.950283845091107e-07,-2.4759807728692657e-09,2.275764709410833,1.1370324854210403,-1.1387322239897926,1.2902791127042927,1.983057663889596,0.6927785511853033,24.462330744131602,38.24013872379828,13.77780797966668,24.60182006755937,38.3084007782438,13.706580710684431,1.4792426305628686e-08,1.592145007155163e-08,1.1290237659229454e-09,1.6434018844163585e-11,1.7857187045776913e-11,1.4231682016133286e-12,-0.0007052217953019767,0.0023756142821202515,0.0030808360774222283,8.821150555681225e-07,-3.918159108335038e-08,-9.212966466514729e-07,2.1739032082565672,1.9723001344772138,-0.2016030737793535,294.9271542765124,5.34172508267151,-289.58542919384087,,0.9959883296863603,,,1.0,,0.0,0.0,0.0,1.0,1.0,0.0,0.9525850522368069,0.9523299410819497,-0.0002551111548572127,,2.0001985603089454e-31,,,4984576873.811233,,True,True
crosstrack,4,0.008,17520.0,17510.0,-10.0,0.00021517949364093045,0.00021581120811949985,6.317144785693946e-07,18600.0,18600.0,0.0,20470.0,20480.0,10.0,0.05917718176779212,0.058985188600970385,-0.00019199316682173145,1.8597325713779785e-05,1.8410282341119483e-05,-1.8704337266030143e-07,6.994061252540401e-07,6.93445022662601e-07,-5.961102591439123e-09,3.10856113922751,3.833261530379672,0.7247003911521621,2.89372360529265,4.124787038498274,1.2310634332056245,38.58098108621258,50.115501568768785,11.534520482556204,38.81402955420677,50.430856224761044,11.616826670554275,1.1786470788480432e-07,1.1766182394784517e-07,-2.0288393695914407e-10,1.3121994488817056e-10,1.308004569799659e-10,-4.194879082046642e-13,-0.002688666110257963,0.003992998371517922,0.006681664481775885,-9.890822922073532e-07,-8.403617697064332e-07,1.4872052250092e-07,1.9737051799765755,1.97232110333246,-0.0013840766441155505,6.76202928271581,5.218632923489899,-1.5433963592259108,,0.9959883296863603,,,1.0,,0.0,0.0,0.0,1.0,1.0,0.0,0.9525850522368069,0.9523299410819497,-0.0002551111548572127,,1.2642232705077439e-29,,,5049803164.536414,,True,True
crosstrack,4,0.1,17510.0,17510.0,0.0,0.00021536217020310164,0.0002151967092274092,-1.654609756924553e-07,18600.0,18590.0,-10.0,20470.0,20480.0,10.0,0.05896675476919152,0.058826449578899,-0.00014030519029251814,1.8698863537672842e-05,1.8646092588452077e-05,-5.277094922076571e-08,6.945724267467322e-07,6.913188798723333e-07,-3.253546874398866e-09,13.813307371832376,19.45846634384119,5.645158972008815,6.453022608046849,9.752145850424775,3.2991232423779255,54.321295007361904,80.29736300686889,25.976067999506988,56.42031595627167,83.19496839953266,26.774652443260983,1.4808810472443072e-06,1.4946795260847322e-06,1.3798478840424994e-08,1.6485057069855384e-09,1.6608483368952685e-09,1.2342629909730102e-11,0.005681869512201041,0.010902231779926953,0.005220362267725912,-2.156847090184287e-06,-1.8113378562636386e-06,3.455092339206484e-07,1.9733253811521683,1.972884134435814,-0.00044124671635437096,5.984274871593494,5.406773564396766,-0.5775013071967283,,0.9959883296863603,,,1.0,,0.0,0.0,0.0,1.0,1.0,0.0,0.9523299410819497,0.9520621317621853,-0.00026780931976433386,,2.033068731156738e-27,,,5028415819.950455,,True,True
crosstrack,5,0.001,17510.0,17510.0,0.0,0.00021527471776185323,0.00021593354953589598,6.588317740427419e-07,18590.0,18600.0,10.0,20480.0,20480.0,0.0,0.05873058942375883,0.05906370720507079,0.00033311778131195346,1.8244359108242102e-05,1.843267014336607e-05,1.8831103512396906e-07,6.846123673234564e-07,6.960516581396517e-07,1.1439290816195251e-08,15.251615781521757,1.187728771183015,-14.063887010338743,15.415237154569441,2.012600915302008,-13.402636239267434,191.38323425262112,32.608130016499125,-158.775104236122,192.60784945965318,32.69176356899519,-159.916085890658,1.3638413522270596e-08,1.210943447810891e-08,-1.5289790441616855e-09,2.4795099332241015e-11,2.2594870804330785e-11,-2.2002285279102296e-12,0.012904862371443178,0.0005982032520860345,-0.012306659119357143,-1.3415488056291472e-06,-1.9979909708452672e-07,1.1417497085446205e-06,7.7479871195640015,2.0185809053405603,-5.729406214223442,7268.639071184259,7.045025843197554,-7261.594045341061,,0.9956236323851203,,,1.0,,1.0,1.0,0.0,1.0,1.0,0.0,0.9523299410819497,0.9523299410819497,0.0,,2.000652590904305e-31,,,4992062839.779697,,True,True
crosstrack,5,0.008,17510.0,17510.0,0.0,0.00021533275637254193,0.0002159309010807699,5.981447082279681e-07,18590.0,18600.0,10.0,20480.0,20480.0,0.0,0.05874577742887654,0.05901063833345396,0.00026486090457742556,1.8294888893751894e-05,1.8428202677170698e-05,1.333137834188042e-07,6.8561084110812e-07,6.946994675244475e-07,9.08862641632747e-09,14.095386312577885,3.305010875165529,-10.790375437412356,14.202341976984027,2.9455179266942135,-11.256824050289813,163.33871576879486,37.3349035935558,-126.00381217523906,164.55978397509872,37.59646524716846,-126.96331872793027,1.0279918001676173e-07,1.039975171723174e-07,1.1983371555556686e-09,1.8949485834849932e-10,1.911860782526667e-10,1.6912199041673804e-12,0.012808732647069684,0.0027068636318043787,-0.010101869015265306,-3.0381698546872636e-06,-3.007298886156892e-07,2.7374399660715745e-06,2.106903407450118,2.0181522240748415,-0.08875118337527654,116.81741606474733,6.950585495714674,-109.86683056903266,,0.9956236323851203,,,1.0,,0.0,0.0,0.0,1.0,1.0,0.0,0.9523299410819497,0.9520621317621853,-0.00026780931976433386,,1.274980813709527e-29,,,5029282851.793566,,True,True
crosstrack,5,0.1,17500.0,17510.0,10.0,0.00021646917895541768,0.00021569870989380965,-7.704690616080307e-07,18600.0,18600.0,0.0,20490.0,20490.0,0.0,0.05880109080059401,0.05881302196794138,1.1931167347371818e-05,1.888907810413557e-05,1.8898235025642114e-05,9.156921506543237e-09,6.921307832632343e-07,6.926180150826294e-07,4.872318193950965e-10,29.693327226893434,30.060961160945727,0.36763393405229294,11.43585796877684,10.816586841252805,-0.6192711275240352,88.07716002904178,84.54723111793689,-3.5299289111048893,93.64859127646737,90.3819352886631,-3.2666559878042705,1.3441582506506815e-06,1.343770250376112e-06,-3.8800027456945207e-10,2.461559067386565e-09,2.4618853052572773e-09,3.2623787071213564e-13,0.01577929737536,0.015103122638643602,-0.0006761747367163996,7.558761460251933e-07,8.04869132695272e-07,4.899298667007871e-08,2.0191128090722428,2.018450134734846,-0.0006626743373967514,7.6646611095902095,6.837848080567398,-0.8268130290228113,,0.9952589350838804,,,1.0,,0.0,0.0,0.0,1.0,1.0,0.0,0.9512717536813923,0.9512587038028923,-1.304987849992667e-05,,2.067423695221197e-27,,,5116946541.150265,,True,True
crosstrack,6,0.001,17520.0,17520.0,0.0,0.00021612976533613883,0.0002151955484093736,-9.342169267652215e-07,18600.0,18600.0,0.0,20480.0,20470.0,-10.0,0.059379295579732067,0.05919857004044844,-0.00018072553928362434,1.8792709558682073e-05,1.857048550298396e-05,-2.2222405569811342e-07,7.057660380612842e-07,7.007161761642577e-07,-5.049861897026507e-09,8.77279163013237,1.6841444492011954,-7.088647180931174,9.008060940527077,3.24320192158591,-5.764859018941167,116.07233001080277,78.00385677861533,-38.06847323218744,116.7514146767853,78.0894126855151,-38.6620019912702,4.477759213531422e-08,4.5302803339831794e-08,5.252112045175717e-10,4.2406600495085756e-11,4.3007968421454815e-11,6.013679263690585e-13,-0.011330267884063324,-0.0038420156982473174,0.007488252185816007,7.870134039767778e-06,-1.8071463790543192e-06,-9.677280418822097e-06,28.348487318867004,2.014823122290359,-26.333664196576645,36059.31229287734,7.164873669254643,-36052.147419208086,,0.9961706783369803,,,0.987782640408461,,0.0,1.0,1.0,1.0,1.0,0.0,0.9523171711759979,0.9525850522368069,0.0002678810608089943,,1.9908366359539674e-31,,,5056597183.875864,,True,True
crosstrack,6,0.008,17520.0,17520.0,0.0,0.00021641423369470793,0.000215420866712331,-9.933669823769368e-07,18600.0,18600.0,0.0,20490.0,20480.0,-10.0,0.0594397589900872,0.05929554818525983,-0.0001442108048273702,1.8982690821187404e-05,1.8802642929032757e-05,-1.8004789215464667e-07,7.084208503785188e-07,7.046151281854795e-07,-3.80572219303931e-09,11.480716473537454,7.590438966834721,-3.8902775067027324,12.847015566313692,7.491804022072447,-5.355211544241245,140.9145387570913,101.42607731838824,-39.488461438703055,141.96393870568204,101.98524918540943,-39.97868952027261,3.6196469858785727e-07,3.642459146644718e-07,2.281216076614509e-09,3.4270234061828633e-10,3.452143712962469e-10,2.51203067796056e-12,-0.014071364261073799,-0.006966790051188638,0.007104574209885161,-9.499859378693791e-07,-1.8410381966571302e-06,-8.910522587877511e-07,2.4418890041150494,2.014772494096014,-0.4271165100190353,601.061865285859,7.154877137580645,-593.9069881482783,,0.9961706783369803,,,0.987782640408461,,1.0,0.0,-1.0,1.0,1.0,0.0,0.9520492901151889,0.9523171711759979,0.0002678810608089943,,1.2888775613002877e-29,,,5036770835.043459,,True,True
crosstrack,6,0.1,17530.0,17530.0,0.0,0.00021622059215469638,0.00021598074017840314,-2.398519762932482e-07,18610.0,18610.0,0.0,20500.0,20490.0,-10.0,0.05957706455896557,0.05954310715273339,-3.3957406232174026e-05,1.9726696194700302e-05,1.9795621699201014e-05,6.892550450071132e-08,7.118864641301273e-07,7.117810218380659e-07,-1.0544229206135607e-10,23.799081516598953,22.836532342993767,-0.9625491736051863,17.020713167418265,16.50719347983011,-0.513519687588154,143.96799170142825,140.9197627782096,-3.048228923218659,146.9111418249268,143.70933924940303,-3.2018025755237716,4.588597211600983e-06,4.612984057507621e-06,2.4386845906637556e-08,4.341145842539012e-09,4.366249470282323e-09,2.510362774331117e-11,-0.018606458053612985,-0.016554792077572978,0.002051665976040007,-4.961545038210836e-06,-4.685481055651336e-06,2.7606398255949977e-07,2.0172451893186185,2.0147083829267816,-0.0025368063918369543,11.551956711471844,7.630824924717699,-3.9211317867541444,,0.9959883296863603,,,0.988147337709701,,1.0,0.0,-1.0,1.0,1.0,0.0,0.9520364415862809,0.9523043944265809,0.000267952840300012,,2.0604958959798677e-27,,,5055283775.673345,,True,True
crosstrack,7,0.001,17510.0,17510.0,0.0,0.00021553835831597794,0.00021591313755660318,3.7477924062523935e-07,18590.0,18600.0,10.0,20480.0,20480.0,0.0,0.058791585454310166,0.05905504360497237,0.00026345815066220607,1.8178950598988954e-05,1.8426438880652136e-05,2.4748828166318266e-07,6.878629451766381e-07,6.957316717061865e-07,7.86872652954839e-09,6.338178304487227,0.9411553449378857,-5.397022959549341,8.621710376645645,1.4226361772854017,-7.199074199360243,132.55323321144476,36.96001991607602,-95.59321329536874,132.98445784694502,36.999361336014466,-95.98509651093056,1.692085313215122e-08,1.6174135027180053e-08,-7.46718104971168e-10,1.1196715985321656e-11,1.0261170231387679e-11,-9.355457539339768e-13,0.011616237346487531,0.0019119556606542638,-0.009704281685833267,6.436238019669735e-06,-3.0183101138487505e-07,-6.73806903105461e-06,2.3052411607919794,2.0465869861838635,-0.2586541746081159,269.0695397609254,6.657755377717508,-262.4117843832079,,0.9965353756382203,,,1.0,,0.0,0.0,0.0,1.0,1.0,0.0,0.9520621317621853,0.9523299410819497,0.00026780931976433386,,1.8892440624203892e-31,,,5292759831.534125,,True,True
crosstrack,7,0.008,17510.0,17510.0,0.0,0.00021572340878720585,0.0002158464385144415,1.2302972723565926e-07,18590.0,18600.0,10.0,20490.0,20480.0,-10.0,0.05884524208780737,0.05894921051282937,0.00010396842502199966,1.8280028966199686e-05,1.8411766316271165e-05,1.3173735007147868e-07,6.901036708162477e-07,6.925018157290729e-07,2.398144912825185e-09,9.046541122676249,5.70242866403244,-3.344112458643809,9.202250611395193,6.0582774270752,-3.143973184319994,84.63135487615546,61.71341640961534,-22.917938466540114,85.60950619395581,62.27171254268159,-23.337793651274218,1.332393788222546e-07,1.340388747449207e-07,7.99495922666109e-10,8.658083874319149e-11,8.746740346162115e-11,8.865647184296556e-13,0.009264275209716066,0.005453041506459319,-0.003811233703256747,2.564948502259012e-06,1.1053291940503132e-06,-1.4596193082086987e-06,2.0505718373104433,2.0468460512726434,-0.0037257860377999386,9.345693522299314,6.554222904842028,-2.7914706174572856,,0.9965353756382203,,,1.0,,1.0,0.0,-1.0,1.0,1.0,0.0,0.951794322442421,0.9520621317621853,0.00026780931976433386,,1.251432418725587e-29,,,5074415537.409557,,True,True
crosstrack,7,0.1,17510.0,17510.0,0.0,0.00021628850800524006,0.00021634263902208927,5.4131016849208024e-08,18600.0,18600.0,0.0,20500.0,20500.0,0.0,0.05886043812287601,0.05889576764993063,3.532952705462278e-05,1.946861446710428e-05,1.956974430826926e-05,1.0112984116497821e-07,6.942495388574357e-07,6.948405630256137e-07,5.910241681780636e-10,29.446119748309002,28.208534030993402,-1.2375857173156,11.911641722419144,11.084591657211837,-0.8270500652073078,95.20323170531576,89.18721742577125,-6.016014279544507,100.36242575730755,94.19633388055311,-6.166091876754436,1.6670946932285435e-06,1.6678479909185733e-06,7.532976900298307e-10,1.085351650025162e-09,1.0867175970260334e-09,1.3659470008713158e-12,0.013979770716283568,0.012662963464311398,-0.0013168072519721703,2.1989620485049735e-06,1.9826893111121425e-06,-2.1627273739283106e-07,2.046819796912579,2.0468422376073856,2.2440694806391548e-05,6.4476510963649085,6.511567456674128,0.06391636030921966,,0.9965353756382203,,,1.0,,0.0,0.0,0.0,1.0,1.0,0.0,0.950990894483128,0.950990894483128,0.0,,1.985655865771559e-27,,,5041272813.072538,,True,True
crosstrack,8,0.001,17520.0,17520.0,0.0,0.00021559558317002538,0.0002151985701895154,-3.9701298050999413e-07,18600.0,18600.0,0.0,20480.0,20480.0,0.0,0.05926684118509202,0.05915753494148342,-0.00010930624360860203,1.8695999841299038e-05,1.85113043961528e-05,-1.8469544514623727e-07,7.025700694765331e-07,6.990327368985906e-07,-3.5373325779424918e-09,5.064013780021029,1.0244105581430745,-4.039603221877955,5.877387183415389,1.5653006569302033,-4.312086526485186,68.08537759118506,28.26064439848594,-39.82473319269913,68.52595535563341,28.322492915629727,-40.20346244000369,2.5096797419649654e-08,2.4626998610565193e-08,-4.697988090844604e-10,3.172631751692294e-11,3.093202554418412e-11,-7.942919727388224e-13,-0.0068745810367502845,-0.002072629680579512,0.004801951356170772,-5.2006407033407586e-06,-3.4533932043709354e-06,1.7472474989698232e-06,4.432011315263795,2.008638243159065,-2.42337307210473,3229.815641692824,8.211345303728342,-3221.604296389096,,0.9978118161925602,,,0.9990882567469,,0.0,0.0,0.0,1.0,1.0,0.0,0.9523171711759979,0.9523171711759979,0.0,,2.020698997674079e-31,,,4975543244.994039,,True,True
crosstrack,8,0.008,17530.0,17520.0,-10.0,0.00021496491847562685,0.00021546501654074742,5.000980651205706e-07,18600.0,18600.0,0.0,20470.0,20470.0,0.0,0.05945842166249862,0.05931411462886761,-0.00014430703363101094,1.8776525837469732e-05,1.8649066243370432e-05,-1.2745959409930002e-07,7.076281841878917e-07,7.035164048892136e-07,-4.111779298678054e-09,12.008360959908874,7.239338790676892,-4.769022169231982,11.263248680122695,6.425153326632159,-4.8380953534905355,112.55395158498773,70.30036914684686,-42.25358243814087,113.75171876138623,70.9635999902758,-42.78811877111043,2.0037131812185067e-07,1.978896846514096e-07,-2.4816334704410674e-09,2.5275925191652214e-10,2.4929252722945726e-10,-3.466724687064887e-12,-0.013686353989229865,-0.0077627952873122255,0.005923558701917639,-8.775487585414489e-06,-7.790374050931445e-06,9.851135344830437e-07,2.0527436286172867,2.008786015204507,-0.043957613412779484,61.383837516901245,8.083572942959009,-53.300264573942236,,0.9974471188913202,,,0.9990882567469,,0.0,0.0,0.0,1.0,1.0,0.0,0.9528403001071811,0.9528529332976159,1.2633190434763186e-05,,1.3097835546589096e-29,,,4990401779.019098,,True,True
crosstrack,8,0.1,17570.0,17560.0,-10.0,0.0002124291669603135,0.00021261993739405286,1.9077043373935784e-07,18610.0,18600.0,-10.0,20400.0,20410.0,10.0,0.06042866797758132,0.06014887162832655,-0.00027979634925476976,2.0910523919958837e-05,2.0575819246040305e-05,-3.347046739185317e-07,7.265705451383813e-07,7.19450795384296e-07,-7.119749754085338e-09,109.83144370485327,94.86358076151787,-14.967862943335405,32.74300759971086,25.328546213847215,-7.414461385863643,296.32355949555455,238.02882843519566,-58.294731060358885,317.71481313448777,257.48467405738114,-60.23013907710663,2.713897475913422e-06,2.6930811599671008e-06,-2.0816315946321167e-08,3.4413525643684328e-09,3.4165054832888275e-09,-2.4847081079605315e-11,-0.049140575932822256,-0.03847337346636093,0.010667202466461329,-2.390709637101548e-05,-2.3453235358908087e-05,4.538610121073932e-07,2.0110417163436174,2.0095556479737127,-0.001486068369904725,7.97295784669856,7.710599400787964,-0.2623584459105963,,0.9978118161925602,,,0.9990882567469,,1.0,0.0,-1.0,1.0,1.0,0.0,0.9578862660944206,0.9570930544381872,-0.0007932116562334723,,2.4013576903721902e-27,,,4775865021.690009,,True,True
crosstrack,9,0.001,17520.0,17510.0,-10.0,0.00021510296112096328,0.000215921720520831,8.18759399867728e-07,18600.0,18600.0,0.0,20470.0,20470.0,0.0,0.05914328133824595,0.059104780432754814,-3.850090549113727e-05,1.8493074479056166e-05,1.8448876204553263e-05,-4.41982745029036e-08,6.985997771471975e-07,6.974108864896252e-07,-1.1888906575723461e-09,1.2725596290155772,0.6204662112391535,-0.6520934177764237,1.725943257747588,0.9099241490471407,-0.8160191087004472,23.67435088180163,22.248897582385187,-1.4254532994164428,23.771267905036662,22.276139340284573,-1.4951285647520898,4.888919139404507e-08,4.5491648547797537e-08,-3.3975428462475306e-09,3.260727374064995e-11,2.9074815411001835e-11,-3.5324583296481116e-12,-0.0020565310062483615,-0.000654040144951774,0.0014024908612965876,1.1717881143786379e-07,1.4504294298925676e-06,1.3332506184547038e-06,2.0199971633153315,2.0095707705565404,-0.010426392758791092,6.431605289053261,3.7594929516113056,-2.672112337441955,,0.9976294675419402,,,1.0,,0.0,0.0,0.0,1.0,1.0,0.0,0.9525850522368069,0.952597750401714,1.2698164907121168e-05,,1.9991843453858085e-31,,,5013378242.695643,,True,True
crosstrack,9,0.008,17510.0,17510.0,0.0,0.00021587473710233526,0.00021590836412095995,3.362701862468886e-08,18590.0,18600.0,10.0,20480.0,20470.0,-10.0,0.05907312693356262,0.05909355876656983,2.043183300721313e-05,1.847348214571942e-05,1.849144010352571e-05,1.795795780628763e-08,6.964251741121572e-07,6.970845568493071e-07,6.59382737149893e-10,2.211538407281754,2.650200308431669,0.4386619011499149,1.1154616454027462,1.6347300891026455,0.5192684436998993,17.364029850459097,19.678195062943487,2.31416521248439,17.539803005076244,19.923033530923,2.3832305258467557,3.7455078303944035e-07,3.727147137463087e-07,-1.836069293131636e-09,2.439912374449786e-10,2.421131800717835e-10,-1.878057373195103e-12,0.0007473061450828509,-7.312585019599427e-07,-0.0007480374035848109,1.8501070114112843e-06,1.987795228023991e-06,1.3768821661270657e-07,2.0098096735509734,2.0096615924753913,-0.00014808107558206274,3.8039154897236025,3.7638090838482645,-0.04010640587533798,,0.9976294675419402,,,1.0,,0.0,2.0,2.0,1.0,1.0,0.0,0.9523299410819497,0.952597750401714,0.00026780931976433386,,1.2719791119746154e-29,,,5017217406.675333,,True,True
crosstrack,9,0.1,17510.0,17510.0,0.0,0.00021613336197885485,0.00021617069924351965,3.7337264664804096e-08,18590.0,18600.0,10.0,20490.0,20490.0,0.0,0.05901272436396028,0.05900201575890629,-1.0708605053991183e-05,1.9008819643354526e-05,1.9028871556137866e-05,2.0051912783340382e-08,6.958367670259575e-07,6.957528813486318e-07,-8.388567732565683e-11,18.33352346632575,19.38151867961246,1.0479952132867076,5.785447371808169,6.10188648637245,0.31643911456428153,43.066319231891804,45.31780268153477,2.2514834496429685,47.16245685039631,49.66467079225696,2.502213941860653,4.598256452206718e-06,4.6037893150993936e-06,5.532862892675506e-09,3.0014425266146023e-09,3.0061313401005823e-09,4.6888134859800016e-12,0.003093968823056826,0.0035646437929317517,0.0004706749698749255,7.129402459288469e-06,7.180310220700488e-06,5.090776141201832e-08,2.0096923883516387,2.0096961383235272,3.749971888566961e-06,3.8083224159441227,3.8432248584023094,0.034902442458186744,,0.9976294675419402,,,1.0,,0.0,0.0,0.0,1.0,1.0,0.0,0.9515265131226567,0.9515265131226567,0.0,,1.949366001701858e-27,,,4983419600.548967,,True,True
radial,0,0.001,20490.0,20490.0,0.0,5.3104880052114867e-05,5.3070538235150214e-05,-3.434181696465268e-08,20490.0,20490.0,0.0,20490.0,20490.0,0.0,0.1094109210949657,0.10938347552142184,-2.7445573543852242e-05,0.00012040086453442778,0.0001205490204024718,1.481558680440162e-07,6.842373629230799e-06,6.843270762015912e-06,8.971327851127613e-10,21.29862138396902,22.543025524975373,1.2444041410063527,0.3324263404254806,0.3411527497227072,0.008726409297226623,0.455761032712496,0.49918234837712727,0.043421315664631255,21.306090637383726,22.551132300513554,1.245041663129829,2.348972662589836e-08,2.3567412655188754e-08,7.768602929039429e-11,2.808717201466979e-11,2.8105132608749744e-11,1.796059407995479e-14,0.00031482672686418926,0.0004299419187514389,0.00011511519188724963,2.2249879944723875e-06,2.382819716140488e-06,1.578317216681004e-07,2.021918928659713,2.0219439763860683,2.5047726355253985e-05,5.0642620629808635,5.069912890529652,0.005650827548788762,,0.9970824215900802,,,1.0,,0.0,0.0,0.0,0.0,0.0,0.0,1.0,1.0,0.0,,1.6960037640682267e-31,,,1238973073.563175,,True,True
radial,0,0.008,20500.0,20500.0,0.0,5.254413979762113e-05,5.253913869672e-05,-5.001100901126296e-09,20500.0,20500.0,0.0,20500.0,20500.0,0.0,0.10905355477404881,0.10904955500316654,-3.99977088226533e-06,0.00012059837445628843,0.00012061883723520749,2.0462778919057355e-08,6.864076327399581e-06,6.864227085069728e-06,1.507576701466378e-10,31.217287916320036,31.32370339940006,0.10641548308002413,2.793353004501192,2.7923815825829315,-0.0009714219182606065,1.7410629610925628,1.7434641813009097,0.002401220208346988,31.390335870975722,31.49621337411554,0.10587750313981914,1.9182580119325018e-07,1.9301025224221828e-07,1.1844510489681004e-09,2.3011429649526505e-10,2.3153385659175798e-10,1.41956009649293e-12,0.001919607782775984,0.0019402192388193757,2.061145604339166e-05,6.684196111181615e-06,6.712459964049736e-06,2.826385286812064e-08,2.0220772881666655,2.022098167174628,2.0879007962548712e-05,5.109013325466521,5.1232410892330495,0.014227763766528234,,0.9972647702407003,,,1.0,,0.0,0.0,0.0,0.0,0.0,0.0,1.0,1.0,0.0,,1.0673412637891748e-29,,,1263789520.9673352,,True,True
radial,0,0.1,20600.0,20590.0,-10.0,5.1864525816111453e-05,5.191266987020438e-05,4.8144054092924115e-08,20600.0,20590.0,-10.0,20600.0,20590.0,-10.0,0.10905971432039605,0.10905081853707974,-8.895783316309469e-06,0.00011891305464508927,0.00011891305464508927,0.0,6.9364127319335225e-06,6.936127830205297e-06,-2.849017282255555e-10,62.63799428972247,62.47901351063464,-0.15898077908783392,21.432712118689075,21.316582635545284,-0.11612948314379068,7.6610193237361655,7.603404123432916,-0.057615200303249736,66.64511005678185,66.45175376755931,-0.19335628922253534,2.1810739666879135e-06,2.189113367341354e-06,8.039400653440555e-09,2.635271417217419e-09,2.6457905510751077e-09,1.0519133857688859e-11,0.005272176193681323,0.005224259282938631,-4.791691074269161e-05,1.9057105429445556e-05,1.90259389075659e-05,-3.116652187965622e-08,2.022094140324943,2.022103533061055,9.392736112001643e-06,5.0519464714297495,5.062582711403076,0.010636239973326411,,0.9972647702407003,,,1.0,,0.0,0.0,0.0,0.0,0.0,0.0,1.0,1.0,0.0,,1.4712211775555756e-27,,,1316111154.7151651,,True,True
radial,1,0.001,20500.0,20500.0,0.0,5.3041364922773e-05,5.299537178834681e-05,-4.59931344261888e-08,20500.0,20500.0,0.0,20500.0,20500.0,0.0,0.10937268721258105,0.10933609860359599,-3.658860898506089e-05,0.00012713339775979017,0.00012713339775979017,0.0,6.84868664847372e-06,6.8499617836064904e-06,1.2751351327703e-09,34.69402305158151,35.43805874315678,0.7440356915752702,0.26949966521609175,0.2764504037856457,0.006950738569553971,0.5842127188740076,0.6139025908823166,0.02968987200830897,34.6999880414117,35.44445384965434,0.7444658082426372,8.028578148623278e-09,7.937357488334882e-09,-9.122066028839535e-11,9.154176796115742e-12,9.526335457473588e-12,3.7215866135784567e-13,0.0013892300424560796,0.0015444485645612941,0.00015521852210521447,-1.8879069590698135e-07,6.19396939815429e-08,2.507303898885242e-07,2.013501726484683,2.0133360997472223,-0.00016562673746056689,7.536171058434958,7.474254797294232,-0.061916261140726014,,0.9983588621444202,,,0.9917943107221007,,0.0,0.0,0.0,0.0,0.0,0.0,1.0,1.0,0.0,,1.6545800441994457e-31,,,1261221987.9239564,,True,True
radial,1,0.008,20510.0,20510.0,0.0,5.282856144886046e-05,5.282787012931324e-05,-6.913195472216206e-10,20510.0,20510.0,0.0,20510.0,20510.0,0.0,0.10910148167804151,0.10910119791852113,-2.8375952038084407e-07,0.00012713339775979017,0.00012713339775979017,0.0,6.863781074258539e-06,6.863836034629378e-06,5.496037083896192e-11,43.871699839243824,43.76420784508001,-0.10749199416381572,2.0139333565458872,2.019306286266592,0.0053729297207048,1.9267532988636231,1.928038248341279,0.0012849494776558945,43.96014504780433,43.85317340480829,-0.10697164299604367,5.988195295213023e-08,6.034478492188318e-08,4.628319697529514e-10,6.886216411138451e-11,7.0139872503607e-11,1.277708392222489e-12,0.003488876089637064,0.0034901688061718446,1.2927165347806878e-06,1.0724589137919028e-06,1.1024333993654784e-06,2.997448557357557e-08,2.0140123050947953,2.0139705016800695,-4.180341472581617e-05,7.593546739830676,7.592296744694203,-0.0012499951364723927,,0.9983588621444202,,,0.9879649890590809,,0.0,0.0,0.0,0.0,0.0,0.0,1.0,1.0,0.0,,1.055120272069374e-29,,,1247454475.6622837,,True,True
radial,1,0.1,20720.0,20720.0,0.0,5.344736204152865e-05,5.3415569232229545e-05,-3.179280929910673e-08,20720.0,20720.0,0.0,20720.0,20720.0,0.0,0.10883373582315183,0.10882825281291812,-5.483010233703345e-06,0.00012713339775979017,0.00012713339775979017,0.0,6.988033666592824e-06,6.987580641495721e-06,-4.5302509710258207e-10,87.12036923481624,86.98435350393747,-0.13601573087876773,26.167043191305268,26.03002652235405,-0.1370166689512189,11.964967222402722,11.90231821301865,-0.06264900938407258,91.74875108479418,91.57240421708043,-0.17634686771374675,4.064265561422955e-07,4.0781734120426475e-07,1.3907850619692249e-09,3.2097602217552566e-10,3.2368016007028523e-10,2.704137894759567e-12,0.01621488723202043,0.01614842243032307,-6.646480169735999e-05,1.6534896564560614e-05,1.6496976041559488e-05,-3.792052300112666e-08,2.01402591752536,2.0140100279243476,-1.5889601012286647e-05,6.79884171771254,6.779328734007766,-0.019512983704774278,,0.9981765134938001,,,0.9967177242888403,,0.0,0.0,0.0,0.0,0.0,0.0,1.0,1.0,0.0,,1.4219408596653824e-27,,,1018353250.1621926,,True,True
radial,2,0.001,20490.0,20490.0,0.0,5.284637291281547e-05,5.2823759697546264e-05,-2.261321526920632e-08,20490.0,20490.0,0.0,20490.0,20490.0,0.0,0.10917971066898884,0.10916182650581177,-1.788416317706487e-05,0.00012817127456790102,0.00012817127456790102,0.0,6.854169437914967e-06,6.854755414174061e-06,5.859762590942446e-10,48.54816481681898,49.23983326013646,0.6916684433174751,0.2679249459776935,0.2738301922570443,0.005905246279350795,0.6999325402438067,0.7338425481631671,0.033910007919360385,48.55394933904542,49.24606265830525,0.6921133192598319,2.0849416554577957e-09,2.319645409956531e-09,2.3470375449873507e-10,3.207789803955772e-12,3.796186578711139e-12,5.883967747553673e-13,0.002189390704704456,0.0022606859776108353,7.129527290637922e-05,7.129156018626869e-07,8.207862412060216e-07,1.0787063934333471e-07,2.0204270565268296,2.020558981224008,0.0001319246971784871,6.639549575759195,6.642952808896336,0.003403233137141193,,0.9974471188913202,,,0.99945295404814,,0.0,0.0,0.0,0.0,0.0,0.0,1.0,1.0,0.0,,1.6576955556134022e-31,,,1274524425.5567925,,True,True
radial,2,0.008,20500.0,20500.0,0.0,5.2475305655991865e-05,5.2470707196613645e-05,-4.59845937822006e-09,20500.0,20500.0,0.0,20500.0,20500.0,0.0,0.10898569061069478,0.1089821083032891,-3.5823074056862136e-06,0.00012817127456790102,0.00012817127456790102,0.0,6.867779659289917e-06,6.867959385348882e-06,1.7972605896530292e-10,62.81273968975852,62.96013991316247,0.14740022340394887,1.7456133127681226,1.7432137837770907,-0.0023995289910319073,1.9273656450404948,1.9338562485292827,0.006490603488787938,62.86654254451059,63.01394934592595,0.14740680141536444,6.785991938844321e-09,7.394688119506278e-09,6.086961806619572e-10,1.2283903280942225e-11,1.2933196618968749e-11,6.492933380265233e-13,0.003722118268634658,0.0037415031810723682,1.938491243771035e-05,1.498281415205254e-07,1.8629650007854574e-07,3.646835855802034e-08,2.019815431434298,2.0197930793291343,-2.235210516365882e-05,6.567207345806885,6.562963534134581,-0.004243811672304254,,0.9974471188913202,,,0.99945295404814,,0.0,0.0,0.0,0.0,0.0,0.0,1.0,1.0,0.0,,1.0110703014744853e-29,,,1352154680.7057514,,True,True
radial,2,0.1,20520.0,20520.0,0.0,5.134840471012324e-05,5.1319751495274945e-05,-2.8653214848294332e-08,20520.0,20520.0,0.0,20520.0,20520.0,0.0,0.10874309120644865,0.10873843369871877,-4.657507729877164e-06,0.00012817127456790102,0.00012817127456790102,0.0,6.922122873309251e-06,6.921572340721265e-06,-5.505325879867263e-10,87.842636151768,87.77633689841535,-0.06629925335265341,11.950073554045835,11.902248773552644,-0.04782478049319039,6.25313005282025,6.21856014582906,-0.03456990699119,88.87201257705651,88.79763136175953,-0.07438121529698094,3.946617689881591e-07,3.9802410623151934e-07,3.3623372433602474e-09,6.821311324674915e-10,6.885811277214774e-10,6.449995253985902e-12,0.006883267112151004,0.006810524207639751,-7.2742904511253e-05,-3.964846738213625e-08,-8.797343486464648e-08,-4.832496748251023e-08,2.0192759642337177,2.0192436068296487,-3.2357404069038864e-05,6.496639831929025,6.5062512924126885,0.009611460483663237,,0.9974471188913202,,,0.99945295404814,,0.0,0.0,0.0,0.0,0.0,0.0,1.0,1.0,0.0,,4.815850138242021e-28,,,4857938255.289157,,True,True
radial,3,0.001,20500.0,20500.0,0.0,5.354544036017497e-05,5.3534384547643016e-05,-1.1055812531954475e-08,20500.0,20500.0,0.0,20500.0,20500.0,0.0,0.10982023690757853,0.10981112569078413,-9.111216794394084e-06,0.00012150630765733103,0.00012150630765733103,0.0,6.834933662444869e-06,6.835284949364926e-06,3.5128692005706664e-10,14.067055703170237,13.994213230848166,-0.07284247232207086,0.49863463549869114,0.48633768207138783,-0.012296953427303303,0.6160491072732281,0.6061026139511451,-0.009946493322083083,14.089365108420797,14.015772853113985,-0.0735922553068118,7.228967942439856e-09,8.27729747200821e-09,1.0483295295683548e-09,9.636475588477054e-12,1.0984850754192994e-11,1.34837516571594e-12,-0.00033210526153268176,-0.0002844433924985317,4.766186903415004e-05,-2.6367885315175616e-06,-2.5783700557553154e-06,5.841847576224616e-08,2.0106776268983872,2.0106296926958085,-4.79342025787588e-05,5.58772936746149,5.589108762890498,0.0013793954290077792,,0.9967177242888403,,,0.99981765134938,,0.0,0.0,0.0,0.0,0.0,0.0,1.0,1.0,0.0,,1.6649865298283902e-31,,,1232609264.5772836,,True,True
radial,3,0.008,20480.0,20480.0,0.0,5.45011510951936e-05,5.449747779462899e-05,-3.6733005646073726e-09,20480.0,20480.0,0.0,20480.0,20480.0,0.0,0.11042951676560506,0.11042662867235352,-2.8880932515379376e-06,0.00012150630765733103,0.00012150630765733103,0.0,6.804839731637423e-06,6.804946219950105e-06,1.0648831268225001e-10,51.294616251571384,51.16646550614516,-0.1281507454262254,3.838608130879204,3.830527263433703,-0.008080867445501294,4.076937531531045,4.069537306054975,-0.007400225476070332,51.59936034888833,51.47078069538895,-0.12857965349937928,8.044049476912637e-08,7.96089329885135e-08,-8.315617806128714e-10,1.0542222913041501e-10,1.0413789680994379e-10,-1.284332320471225e-12,-0.003254532502015008,-0.0032390960510626727,1.543645095233555e-05,-9.074765733372733e-06,-9.040407489525976e-06,3.435824384675626e-08,2.0106938879580922,2.0107016593335056,7.77137541341233e-06,5.6286574665657145,5.637367266737937,0.008709800172222337,,0.9967177242888403,,,0.99945295404814,,0.0,0.0,0.0,0.0,0.0,0.0,1.0,1.0,0.0,,1.1096495381052548e-29,,,1168484381.400075,,True,True
radial,3,0.1,20340.0,20340.0,0.0,5.564103970909989e-05,5.562380565855356e-05,-1.723405054632871e-08,20340.0,20340.0,0.0,20340.0,20340.0,0.0,0.11053327241751974,0.11053206109973729,-1.211317782454091e-06,0.00012150630765733103,0.00012150630765733103,0.0,6.706849008194783e-06,6.7062852174632556e-06,-5.637907315270713e-10,105.70077874791515,106.00648444455732,0.30570569664216407,27.32430904315705,27.464977558992462,0.1406685158354115,12.807184442573485,12.880531866362077,0.07334742378859183,109.92404862425585,110.26154287769828,0.3374942534424292,1.6260455132342478e-06,1.6255024613232111e-06,-5.430519110366957e-10,2.020686281946905e-09,2.0201594509140346e-09,-5.268310328705903e-13,-0.011045035051191079,-0.011121097013841357,-7.606196265027773e-05,-2.268514106438539e-05,-2.2742755315159786e-05,-5.761425077439639e-08,2.0102556853424614,2.0102517449476407,-3.940394820656223e-06,5.657154050680712,5.6660075171422815,0.008853466461569148,,0.9967177242888403,,,1.0,,0.0,0.0,0.0,0.0,0.0,0.0,1.0,1.0,0.0,,2.0630697403263085e-27,,,1039960617.4862645,,True,True
radial,4,0.001,20500.0,20500.0,0.0,5.365393943371868e-05,5.362162655720227e-05,-3.231287651641164e-08,20500.0,20500.0,0.0,20500.0,20500.0,0.0,0.10994662210053384,0.1099211914307015,-2.543066983233533e-05,0.0001163474315493565,0.0001163474315493565,0.0,6.834845042836188e-06,6.835586877579422e-06,7.418347432339045e-10,37.04342510801713,36.925355001936495,-0.11807010608063706,0.48170744370242335,0.49451630129914714,0.012808857596723788,0.6626765523452961,0.6274748032778236,-0.03520174906747253,37.05248339865521,36.933996710619276,-0.11848668803593654,4.714529214352897e-09,4.4886454654507495e-09,-2.258837489021477e-10,8.785222247774189e-12,7.204085009601438e-12,-1.581137238172751e-12,-0.0016092855599577655,-0.00151896521049566,9.032034946210559e-05,-4.6076569387143915e-07,-2.5030925718707175e-07,2.104564366843674e-07,1.9726415117370615,1.9727227181336504,8.12063965889287e-05,5.677213676901509,5.640976848522403,-0.036236828379106356,,0.9959883296863603,,,1.0,,0.0,0.0,0.0,0.0,0.0,0.0,1.0,1.0,0.0,,1.694614247288372e-31,,,1209162414.6289818,,True,True
radial,4,0.008,20500.0,20500.0,0.0,5.398122650904179e-05,5.397907803234982e-05,-2.1484766919713173e-09,20500.0,20500.0,0.0,20500.0,20500.0,0.0,0.11029865259195926,0.1102970591971583,-1.5933948009499987e-06,0.0001163474315493565,0.0001163474315493565,0.0,6.83522364006353e-06,6.835292005481903e-06,6.836541837299665e-11,61.75316510010404,61.747168832677616,-0.005996267426425561,3.7282732254133717,3.7301213747822417,0.0018481493688700112,2.7068014224740056,2.7044064094136844,-0.002395013060321194,61.92479467115535,61.91882168088374,-0.00597299027160858,3.518863057809913e-08,3.507814262887937e-08,-1.1048794921976175e-10,6.086866968028607e-11,6.053970736885141e-11,-3.289623114346596e-13,-0.003119652126173165,-0.0031120568025963706,7.595323576794263e-06,5.124194296242404e-07,5.371449560302051e-07,2.4725526405964687e-08,1.9728953516722394,1.97289418444895,-1.16722328935559e-06,5.747781257155968,5.7296430680640595,-0.018138189091908785,,0.9959883296863603,,,1.0,,0.0,0.0,0.0,0.0,0.0,0.0,1.0,1.0,0.0,,1.067968661763251e-29,,,1215194224.603729,,True,True
radial,4,0.1,20530.0,20530.0,0.0,5.4430566041021074e-05,5.439914579779016e-05,-3.1420243230913974e-08,20530.0,20530.0,0.0,20530.0,20530.0,0.0,0.11138818277080634,0.11137984104040174,-8.341730404592962e-06,0.0001163474315493565,0.0001163474315493565,0.0,6.827530483118122e-06,6.827277338838641e-06,-2.531442794811566e-10,106.89392305312906,106.63319414362518,-0.2607289095038823,23.470661734986166,23.332094426064156,-0.13856730892200986,9.98740051139955,9.938814507437353,-0.048586003962196145,109.89509050426923,109.60750319842195,-0.287587305847282,4.4102046724103743e-07,4.407658975705764e-07,-2.545696704610112e-10,7.040228222812534e-10,7.235448775309311e-10,1.952205524967775e-11,-0.005108278834712835,-0.0051484048638447645,-4.012602913192921e-05,-3.913606808595128e-07,-4.165984949986289e-07,-2.52378141391161e-08,1.9728068568735762,1.9727638148957956,-4.304197778060015e-05,5.774250406485702,5.764251945519803,-0.009998460965899625,,0.9961706783369803,,,1.0,,0.0,0.0,0.0,0.0,0.0,0.0,1.0,1.0,0.0,,1.8177930083356543e-27,,,1089638972.4668863,,True,True
radial,5,0.001,20490.0,20490.0,0.0,5.2959798815510665e-05,5.2943145799005625e-05,-1.665301650504087e-08,20490.0,20490.0,0.0,20490.0,20490.0,0.0,0.10924586194338094,0.1092330577086042,-1.280423477674486e-05,0.00012652045284647877,0.00012652045284647877,0.0,6.846707610044006e-06,6.8472216541297666e-06,5.140440857603402e-10,38.65126770722698,38.816742429759195,0.16547472253221684,0.47489101897001373,0.4570766612072716,-0.01781435776274215,0.7914602335831528,0.7973379891172196,0.005877755534066886,38.66228687179496,38.827621093770055,0.16533422197509395,1.679851876420016e-08,1.6954130341495093e-08,1.5561157729493127e-10,2.3206232658001106e-11,2.3356571979437798e-11,1.5033932143669207e-13,0.0014159204687615274,0.0014688655516146474,5.294508285311997e-05,1.0529750710576027e-06,1.1644865307747167e-06,1.1151145971711405e-07,2.0197021636083443,2.019601984933907,-0.0001001786744372346,9.748899242033984,9.73299182134851,-0.01590742068547435,,0.9963530269876003,,,0.9547775346462436,,0.0,0.0,0.0,0.0,0.0,0.0,1.0,1.0,0.0,,1.6605417896992066e-31,,,1266468701.6280437,,True,True
radial,5,0.008,20480.0,20480.0,0.0,5.329699571437944e-05,5.329378360116419e-05,-3.2121132152501588e-09,20480.0,20480.0,0.0,20480.0,20480.0,0.0,0.1092339886649491,0.10923157859664948,-2.4100682996242018e-06,0.00012652045284647877,0.00012652045284647877,0.0,6.837315766199375e-06,6.837437268230836e-06,1.215020314610001e-10,44.19108570080174,44.23011816822838,0.039032467426636686,2.713030694417801,2.710618958245862,-0.002411736171938905,2.353921869842266,2.354697595696624,0.0007757258543579226,44.33681922661773,44.37561728110864,0.03879805449091123,1.3640636975079772e-07,1.3516756323102055e-07,-1.2388065197771753e-09,1.8560030773989508e-10,1.8409645228765442e-10,-1.50385545224066e-12,0.0008447809562885942,0.0008583170254892815,1.3536069200687363e-05,2.313442453449954e-07,2.621257743458109e-07,3.0781529000815484e-08,2.019308937686152,2.0193012548080618,-7.68287809016499e-06,9.765109854366383,9.75796567733329,-0.007144177033092447,,0.9963530269876003,,,0.9535010940919038,,0.0,0.0,0.0,0.0,0.0,0.0,1.0,1.0,0.0,,1.0844285555834241e-29,,,1223687612.168454,,True,True
radial,5,0.1,20550.0,20550.0,0.0,5.423945209272501e-05,5.421470833732454e-05,-2.4743755400473324e-08,20550.0,20550.0,0.0,20550.0,20550.0,0.0,0.10846963917904676,0.10846689331678103,-2.7458622657294818e-06,0.00012652045284647877,0.00012652045284647877,0.0,6.879746681893919e-06,6.879025362183778e-06,-7.213197101411893e-10,75.14610432181941,75.06290831670397,-0.08319600511543968,7.274451256372006,7.341675734579605,0.06722447820759836,5.2139882788765375,5.2517353849621475,0.03774710608561005,75.67721129639594,75.60371110009936,-0.07350019629657822,1.4742873709981188e-06,1.4824539294355323e-06,8.166558437413539e-09,2.0104300610216044e-09,2.0218905577741156e-09,1.1460496752511284e-11,0.004411445590581145,0.004326045335768764,-8.540025481238063e-05,4.269155404239673e-06,4.205818752671848e-06,-6.333665156782544e-08,2.0192704587029486,2.0192550099020194,-1.5448800929185325e-05,9.805393467492935,9.786255326746057,-0.019138140746878918,,0.9963530269876003,,,0.9535010940919038,,0.0,0.0,0.0,0.0,0.0,0.0,1.0,1.0,0.0,,1.573050220307187e-27,,,1076441302.4200487,,True,True
radial,6,0.001,20490.0,20490.0,0.0,5.292818971183464e-05,5.288856043476187e-05,-3.962927707276925e-08,20490.0,20490.0,0.0,20490.0,20490.0,0.0,0.10924488376798674,0.10921408014393814,-3.0803624048600375e-05,0.00012442743024969872,0.00012443830844054873,1.0878190850004393e-08,6.84941248911006e-06,6.850586771558317e-06,1.1742824482572191e-09,39.518999090928894,40.35777749169173,0.838778400762834,0.38402137628137756,0.3965181730493636,0.01249679676798604,0.7963616901989101,0.8465098815099217,0.05014819131101156,39.52888758247438,40.36860178046735,0.8397141979929685,4.0575534751396094e-08,3.987414517989976e-08,-7.013895714963347e-10,5.2691593330879376e-11,5.197941270145275e-11,-7.12180629426629e-13,0.0018720465717301867,0.0019980177051889124,0.00012597113345872574,1.1633626154452481e-06,1.3990028562219185e-06,2.3564024077667033e-07,2.0129962121211924,2.0128926511637815,-0.00010356095741093085,7.969324244668731,7.956118203642104,-0.013206041026626814,,0.9956236323851203,,,1.0,,0.0,0.0,0.0,0.0,0.0,0.0,1.0,1.0,0.0,,1.6510521765074437e-31,,,1274233025.5065944,,True,True
radial,6,0.008,20500.0,20500.0,0.0,5.229441688576207e-05,5.22942084198751e-05,-2.0846588696813231e-10,20500.0,20500.0,0.0,20500.0,20500.0,0.0,0.10880033367111884,0.1088003693140072,3.564288836299667e-08,0.00012413513497234682,0.0001241208882889755,-1.4246683371324682e-08,6.8727282916175595e-06,6.872755940247665e-06,2.7648630105611422e-11,72.21794272840046,72.10400301137547,-0.11393971702499073,2.7790326752082684,2.786675444179126,0.007642768970857805,2.760290887299384,2.758684524941079,-0.0016063623583049136,72.32408644645926,72.21054736396744,-0.1135390824918261,3.1119130398381684e-07,3.122200808434442e-07,1.0287768596273844e-09,4.05309356383554e-10,4.065273313919392e-10,1.2179750083851791e-12,0.004534443773205434,0.004536417130737784,1.9733575323506794e-06,3.3831357157920892e-06,3.4065084623045857e-06,2.337274651249653e-08,2.012892949133868,2.012886748773075,-6.200360792796289e-06,7.7215362024833345,7.724283050388843,0.0027468479055086092,,0.9956236323851203,,,1.0,,0.0,0.0,0.0,0.0,0.0,0.0,1.0,1.0,0.0,,1.0496720163798714e-29,,,1299903955.177666,,True,True
radial,6,0.1,20570.0,20570.0,0.0,5.14419542744096e-05,5.141135587252196e-05,-3.0598401887636946e-08,20570.0,20570.0,0.0,20570.0,20570.0,0.0,0.10845979378736345,0.10845336765913739,-6.426128226058592e-06,0.00012312946207235093,0.00012312946207235093,0.0,6.9449589333318e-06,6.944433379029427e-06,-5.255543023733824e-10,117.5414767909555,117.58627720637598,0.04480041542048241,17.459790142708307,17.332902435112143,-0.12688770759616474,9.045996023339411,9.011564859010006,-0.03443116432940485,119.17496835359519,119.19803016530079,0.02306181170560251,3.6755728639712198e-06,3.6876948804239175e-06,1.2122016452697698e-08,4.8335395405846705e-09,4.8491474439019624e-09,1.56079033172919e-11,0.01118716756750717,0.011119083684097841,-6.808388340932836e-05,1.0730860312854912e-05,1.0678741273046768e-05,-5.2119039808144e-08,2.0131015206068317,2.0130824283694255,-1.9092237406148627e-05,7.273506896503251,7.2832558551929685,0.009748958689717035,,0.9958059810357404,,,1.0,,0.0,0.0,0.0,0.0,0.0,0.0,1.0,1.0,0.0,,1.4743257994893769e-27,,,1434841730.0432432,,True,True
radial,7,0.001,20490.0,20490.0,0.0,5.2038970341199114e-05,5.201149099139793e-05,-2.7479349801183583e-08,20490.0,20490.0,0.0,20490.0,20490.0,0.0,0.1085256279265783,0.10850553776924438,-2.0090157333924052e-05,0.00012974579886584786,0.0001294053092168697,-3.4048964897816984e-07,6.8777337444522205e-06,6.878559391645389e-06,8.256471931688549e-10,92.5179961392373,92.14287170137133,-0.3751244378659635,0.44821783319783043,0.476279704906972,0.028061871709141595,1.8318315746909328,1.877744020589805,0.04591244589887222,92.53721476121895,92.16323328930874,-0.3739814719102128,3.4055218823114054e-09,2.4220506100255937e-09,-9.834712722858117e-10,5.1648013123967134e-12,3.6154669338980117e-12,-1.5493343784987017e-12,0.004817507826777297,0.00488580995810404,6.8302131326743e-05,4.405827374572377e-06,4.621764590124472e-06,2.1593721555209514e-07,2.0484973562100324,2.048448461198038,-4.889501199434321e-05,5.91348639782286,5.89112020148289,-0.022366196339969946,,0.9959883296863603,,,1.0,,0.0,0.0,0.0,0.0,0.0,0.0,1.0,1.0,0.0,,1.6804212555381485e-31,,,1283578805.02222,,True,True
radial,7,0.008,20510.0,20510.0,0.0,5.100348083054005e-05,5.100270363187111e-05,-7.771986689406019e-10,20510.0,20510.0,0.0,20510.0,20510.0,0.0,0.10781523831945197,0.10781480264010859,-4.3567934338017977e-07,0.00012906557064334447,0.00012906557064334447,0.0,6.92622663249015e-06,6.926276746993348e-06,5.011450319802142e-11,122.91268751646986,122.85223005938074,-0.06045745708911454,3.1801922188065332,3.1841760541962136,0.00398383538968039,4.611213709843501,4.610459479645622,-0.0007542301978782362,123.0402603498049,122.97994041436426,-0.06031993544063141,3.608005586174175e-08,3.599363265356678e-08,-8.642320817497386e-11,5.521850770064942e-11,5.4714727249623644e-11,-5.037804510257762e-13,0.008801542524606121,0.008805853829515755,4.311304909633898e-06,9.502975702311285e-06,9.527817649783401e-06,2.4841947472115808e-08,2.047741092517457,2.047739479793099,-1.6127243580577044e-06,5.903578569488065,5.904187022435302,0.0006084529472367706,,0.9959883296863603,,,1.0,,0.0,0.0,0.0,0.0,0.0,0.0,1.0,1.0,0.0,,1.0469044024796598e-29,,,1337351901.1397028,,True,True
radial,7,0.1,20650.0,20650.0,0.0,4.966691815290899e-05,4.96327899530081e-05,-3.4128199900890406e-08,20650.0,20650.0,0.0,20650.0,20650.0,0.0,0.10736876773462956,0.10736243404251429,-6.333692115265133e-06,0.00012906557064334447,0.00012906557064334447,0.0,7.07980870426644e-06,7.079199419074202e-06,-6.092851922376782e-10,173.7874236358141,173.68739888519707,-0.10002475061702398,26.13891065264919,25.960035824541567,-0.17887482810762378,13.205064123263123,13.12635578128705,-0.07870834197607302,176.23758107333575,176.10660750696994,-0.13097356636581026,1.0666229523419088e-06,1.06649857942547e-06,-1.243729164387288e-10,1.5708311642160298e-09,1.5703600593496253e-09,-4.711048664044996e-13,0.018523713056352413,0.01844808620866906,-7.562684768335284e-05,2.3168801132414398e-05,2.3114494083922118e-05,-5.430704849228009e-08,2.0474959300065305,2.047457911025993,-3.801898053756858e-05,5.763723965077296,5.769512187596162,0.005788222518866348,,0.9959883296863603,,,1.0,,0.0,0.0,0.0,0.0,0.0,0.0,1.0,1.0,0.0,,1.4371616685309686e-27,,,1416461467.9449573,,True,True
radial,8,0.001,20490.0,20500.0,10.0,5.353966030214075e-05,5.3428071872614655e-05,-1.1158842952609235e-07,20490.0,20500.0,10.0,20490.0,20500.0,10.0,0.1097387799282083,0.10972884433390914,-9.935594299154138e-06,0.00012217711536600406,0.00012218768227653697,1.056691053291669e-08,6.837920354540256e-06,6.838302391728085e-06,3.8203718782869406e-10,23.2470693290103,23.18119874793016,-0.06587058108014077,0.43359635129529417,0.4389142555291656,0.005317904233871407,0.6834090919396013,0.6795389455735541,-0.0038701463660472113,23.261154016312556,23.195309747733415,-0.06584426857914139,3.20147479423497e-08,3.030152735741228e-08,-1.713220584937416e-09,4.447266895776579e-11,4.200296738922131e-11,-2.469701568544481e-12,-0.00033197426563667863,-0.00029130019164628834,4.0674073990390296e-05,-1.3079594793407987e-06,-1.217248942971899e-06,9.071053636889972e-08,2.0061693783374572,2.0060236344341638,-0.00014574390329347153,7.045920035288215,6.979697767476497,-0.06622226781171747,,0.9974471188913202,,,0.9961706783369803,,0.0,0.0,0.0,0.0,0.0,0.0,1.0,1.0,0.0,,1.6657380543905115e-31,,,1239411213.6694288,,True,True
radial,8,0.008,20500.0,20500.0,0.0,5.31291805705633e-05,5.3126225960072206e-05,-2.95461049109626e-09,20500.0,20500.0,0.0,20500.0,20500.0,0.0,0.10945947814941341,0.10945724707017983,-2.231079233583344e-06,0.0001217321894940586,0.00012172480300377795,-7.3864902806449265e-09,6.849952841448176e-06,6.850054802231327e-06,1.019607831511223e-10,34.20551753544279,34.219543879255426,0.014026343812638231,2.744144439299471,2.7371841241805117,-0.006960315118959226,1.9544877586717673,1.9542561795707951,-0.00023157910097215684,34.37103113044501,34.38442201709001,0.013390886644998545,2.4979282244951984e-07,2.506739596432193e-07,8.811371936994816e-10,3.4464951685919984e-10,3.460829346237208e-10,1.4334177645209736e-12,0.0008713559692050529,0.0008831240436828113,1.1768074477758379e-05,-1.1539814385143598e-06,-1.1233313840667026e-06,3.065005444765719e-08,2.006377856169802,2.0063350463796223,-4.280979017945441e-05,7.084374543821275,7.066883255354842,-0.017491288466432664,,0.9974471188913202,,,0.9883296863603209,,0.0,0.0,0.0,0.0,0.0,0.0,1.0,1.0,0.0,,1.0622476138054814e-29,,,1256686769.2387745,,True,True
radial,8,0.1,20540.0,20540.0,0.0,5.2202914256981515e-05,5.2172187024290336e-05,-3.0727232691178967e-08,20540.0,20540.0,0.0,20540.0,20540.0,0.0,0.1088579578089658,0.10885204474687885,-5.913062086956855e-06,0.00012159006782976075,0.00012159006782976075,0.0,6.9263733208893525e-06,6.925959431899058e-06,-4.1388899029460446e-10,76.01750279762035,75.99245784538509,-0.025044952235262485,19.009318017777883,19.04479541466422,0.03547739688633911,8.993293969086128,8.987495590266635,-0.0057983788194935215,78.87264569863011,78.85640721434186,-0.016238484288251698,3.046188423269732e-06,3.049378062930768e-06,3.1896396610359783e-09,4.185809230153061e-09,4.1917554051455525e-09,5.946174992491667e-12,0.004838672524436893,0.0047735435142734,-6.512901016349302e-05,8.668635005867577e-07,8.27886608660122e-07,-3.897689192663572e-08,2.0063597938102316,2.006349561793888,-1.0232016343536543e-05,7.175760397909211,7.15832228612175,-0.017438111787460464,,0.9972647702407003,,,0.9939824945295405,,0.0,0.0,0.0,0.0,0.0,0.0,1.0,1.0,0.0,,1.6782100903114202e-27,,,1250435303.3025455,,True,True
radial,9,0.001,20490.0,20490.0,0.0,5.4571233581790814e-05,5.451317508277038e-05,-5.8058499020431956e-08,20490.0,20490.0,0.0,20490.0,20490.0,0.0,0.11062519989803123,0.11057750365196252,-4.769624606870693e-05,0.00011322905419546853,0.00011313037309127801,-9.868110419051514e-08,6.825395919350123e-06,6.825613803934227e-06,2.1788458410427065e-10,82.86756408048302,79.56147240405262,-3.3060916764303983,0.32419174506190584,0.3174123920814824,-0.006779352980423425,1.8262931203057577,1.7186330090712152,-0.10766011123454255,82.88832018735691,79.58066562392743,-3.3076545634294803,1.7948871268371467e-08,1.8178857737998708e-08,2.2998646962724154e-10,1.7531898889171324e-11,1.7520018504633632e-11,-1.1880384537692114e-14,-0.004476151355198895,-0.00428739305778587,0.00018875829741302457,-3.4768454539536083e-06,-3.2307113933925286e-06,2.4613406056107966e-07,2.0173543884267833,2.0169805348374514,-0.00037385358933184065,3.5856640468854355,3.6143681180869938,0.028704071201558268,,0.9976294675419402,,,0.9978118161925602,,0.0,0.0,0.0,0.0,0.0,0.0,1.0,1.0,0.0,,1.667519536346383e-31,,,1202991053.399503,,True,True
radial,9,0.008,20490.0,20490.0,0.0,5.469485276574876e-05,5.469399901939042e-05,-8.537463583381294e-10,20490.0,20490.0,0.0,20490.0,20490.0,0.0,0.1107567079003083,0.1107563064669375,-4.0143337079467933e-07,0.00011060908084819101,0.00011061344430081033,4.363452619314382e-09,6.823363784807643e-06,6.823421113270214e-06,5.7328462571055614e-11,92.54293196927097,92.67946023236728,0.1365282630963094,1.5102669003274238,1.5070918637429271,-0.0031750365844966932,2.5673347899291326,2.5667936336439676,-0.0005411562851649343,92.59085468610236,92.72724575013767,0.13639106403530832,1.559523563603559e-07,1.545498713133654e-07,-1.4024850469904901e-09,1.551315616601203e-10,1.5345511199833605e-10,-1.676449661784246e-12,-0.005363056198503949,-0.0053624859756536076,5.702228503415632e-07,-2.8073002292468255e-06,-2.7875147829776103e-06,1.9785446269215173e-08,2.0124016685384,2.0124102229266194,8.55438821956156e-06,3.5592411812120597,3.5671187703331806,0.00787758912112091,,0.9976294675419402,,,1.0,,0.0,0.0,0.0,0.0,0.0,0.0,1.0,1.0,0.0,,1.0881260918274474e-29,,,1174297504.6833484,,True,True
radial,9,0.1,20420.0,20410.0,-10.0,5.578950723824379e-05,5.588454689030876e-05,9.503965206496848e-08,20420.0,20410.0,-10.0,20420.0,20410.0,-10.0,0.11217414199631888,0.1121683286805917,-5.813315727173918e-06,0.00010806506494001184,0.00010806506494001184,0.0,6.760049747977984e-06,6.759793229601633e-06,-2.56518376350978e-10,142.11520924311398,142.0473141960833,-0.0678950470306745,12.787218976164413,12.753422976622803,-0.033795999541609945,9.261655898850824,9.274138434376011,0.012482535525187188,142.98959380789628,142.91990383302613,-0.06968997487015827,2.36657532536705e-06,2.36901641170326e-06,2.4410863362101766e-09,2.388560750875771e-09,2.391155121321747e-09,2.5943704459759944e-12,-0.013753772222783409,-0.013802607775458116,-4.883555267470689e-05,-1.170863725691617e-05,-1.1737849029660672e-05,-2.921177274450173e-08,2.0122286770144933,2.0122592717751817,3.059476068845157e-05,4.365693368769104,4.384024529033602,0.018331160264497548,,0.9976294675419402,,,0.9990882567469,,0.0,0.0,0.0,0.0,0.0,0.0,1.0,1.0,0.0,,1.9224676682225578e-27,,,1114010935.5201738,,True,True
