seed,geometry,sigma_theta_deg,nav_type,T_FP,v_FP,T_soft,v_at_soft,T_sustain,sustained,exit_count,time_in_sphere_frac,total_delta_v,peak_accel,control_energy,rmse_pos_x,rmse_pos_y,rmse_pos_z,rmse_dist,final_pos_err,final_vel_err,est_dist_bias,est_radial_vel_bias,nis_mean,nees_mean,nis_inlier_frac,nees_inlier_frac,are_fallback_count,P_eig_min,P_cond,wall_time_s
0,alongtrack,0.001,ukf,17570.0,7.34410265315474e-05,17570.0,7.34410265315474e-05,17570.0,True,0,1.0,0.029564972677357682,1.2476566562990427e-05,1.6522516874368982e-07,1.8356843868527808,29.11690661760869,1.0665776834890064,29.194204495097935,2.0419790559419892e-08,1.718173791969965e-11,0.0026695016213392456,2.984498465214809e-07,2.022596533448423,6.398217987749076,0.9978118161925602,1.0,0,3.402712506998253e-31,2348833769.461141,83.96940099998028
0,alongtrack,0.008,ukf,17580.0,7.345884002764332e-05,17580.0,7.345884002764332e-05,17580.0,True,0,1.0,0.0295961345285201,1.2563604733191701e-05,1.661423571209237e-07,5.826429053065588,53.15796929333937,2.6627442473619154,53.5425735450667,1.623690975394111e-07,1.3695289751883502e-10,0.0063652332610311035,6.931515991085152e-07,2.0225841197543706,6.456385250576344,0.9976294675419402,1.0,1,2.1857778092360553e-29,2337571115.5434675,84.17937300002086
0,alongtrack,0.1,ukf,17570.0,7.274081962843005e-05,17570.0,7.274081962843005e-05,17570.0,True,0,1.0,0.029503710531965203,1.2500269480260847e-05,1.6726708122447028e-07,29.053278311451866,86.97798646299958,9.733331700839637,92.21713970731793,2.0197214070824355e-06,1.7007415577364829e-09,0.01717308906829334,4.209858905312844e-06,2.0226092053597844,7.073080895097785,0.9976294675419402,1.0,0,3.234622705731493e-27,2348605531.1609807,80.02985429999535
1,alongtrack,0.001,ukf,17580.0,7.332676287633527e-05,17580.0,7.332676287633527e-05,17580.0,True,0,1.0,0.029573802244625236,1.2350252298838777e-05,1.64475445747269e-07,1.8843041920710857,34.275260266132584,1.0626548913808853,34.343460862550806,1.085203783970924e-08,1.6720308904354533e-11,0.0006759845210395273,-8.68000508508437e-07,2.0133904472027284,8.63422511936934,0.9981765134938001,0.9730123997082422,0,3.392172378524248e-31,2351224927.6000843,79.62081920000492
1,alongtrack,0.008,ukf,17590.0,7.338902390154411e-05,17590.0,7.338902390154411e-05,17590.0,True,0,1.0,0.029622648771168374,1.240793386213919e-05,1.645592631616363e-07,8.637497518237273,34.29328039741505,3.0773498967493027,35.49796509914772,8.898368236892328e-08,1.3471678791415805e-10,0.0008438003680090214,-1.7335730173396442e-06,2.0133062330124782,8.63776217276828,0.9981765134938001,0.9731947483588621,2,2.177687449307194e-29,2336217687.415964,79.43241129998933
1,alongtrack,0.1,ukf,17630.0,7.173570414368523e-05,17630.0,7.173570414368523e-05,17630.0,True,0,1.0,0.029529668105809714,1.2452482857342514e-05,1.642691403359826e-07,39.746767961008175,74.82895496865903,12.107036463275728,85.59064433085497,9.262262004618017e-07,1.4195990619614461e-09,-0.0022448499194323655,8.244737204695153e-07,2.013382390592183,8.005622948448668,0.9979941648431802,0.9945295404814004,0,3.1104194451834384e-27,2288488628.807915,79.14291050002794
2,alongtrack,0.001,ukf,17560.0,7.336239017053772e-05,17560.0,7.336239017053772e-05,17560.0,True,0,1.0,0.029546709110263306,1.2430672355434874e-05,1.63678735503932e-07,3.477427729581078,80.17425527047523,2.5012117809310195,80.28860300293469,6.676741229598178e-09,7.97112643772342e-12,-0.007558919947852035,-1.5744716845139854e-06,2.019197592405364,6.405542600325556,0.9974471188913202,1.0,0,3.411429889427883e-31,2327993080.061673,79.65760899998713
2,alongtrack,0.008,ukf,17570.0,7.335345074456147e-05,17570.0,7.335345074456147e-05,17570.0,True,0,1.0,0.029586366097392573,1.2248314255828346e-05,1.6308435239265908e-07,9.125664816015421,81.09558525462705,4.215411560795791,81.71622483174096,4.103723128728868e-08,5.01331645509233e-11,-0.008867379228420506,-2.8572412632969907e-06,2.0191401978978174,6.349462891474578,0.9974471188913202,1.0,1,2.1802818683720704e-29,2336926434.848549,79.56870590001927
2,alongtrack,0.1,ukf,17540.0,7.476745536208784e-05,17540.0,7.476745536208784e-05,17540.0,True,0,1.0,0.02979946736685897,1.2161454257199135e-05,1.6314049547569353e-07,38.037472091606716,103.4577506864889,10.924543413051357,110.76868288921331,5.407944120284279e-07,6.400438021095466e-10,-0.010192630746141202,-5.0503787263435854e-06,2.0192080879534875,6.296271957159324,0.9974471188913202,1.0,0,3.586963699349194e-27,2356003128.608299,79.39981989999069
3,alongtrack,0.001,ukf,17580.0,7.324567231470801e-05,17580.0,7.324567231470801e-05,17580.0,True,0,1.0,0.029589149436117564,1.234639226595533e-05,1.6302444720524458e-07,5.37326776688798,101.09163633365291,3.6390917127495155,101.29972325531799,3.554769376869147e-08,4.243145019306284e-11,-0.010569622950523506,-4.243842217991752e-06,2.010885938273151,6.693269288028668,0.9963530269876003,0.9990882567469,0,3.41096503540176e-31,2309903245.0549846,79.91372320000664
3,alongtrack,0.008,ukf,17580.0,7.306908206183232e-05,17580.0,7.306908206183232e-05,17580.0,True,0,1.0,0.02962498638620893,1.1812499198136215e-05,1.5924992690358716e-07,23.291340513161202,193.58233718021654,11.154858287706626,195.29730841584552,2.8928139414117623e-07,3.4409366992233623e-10,-0.026755351673576042,-9.790912263010809e-06,2.010680506159574,6.859375621811312,0.9963530269876003,0.99945295404814,1,2.10039952814395e-29,2327671919.2643285,86.26516759998049
3,alongtrack,0.1,ukf,17540.0,7.309374268671708e-05,17540.0,7.309374268671708e-05,17540.0,True,0,1.0,0.02963026637374769,1.180346240388612e-05,1.573529766979856e-07,54.015709586808555,237.95219425971558,19.01995066384091,244.74619947699864,3.6919154167610407e-06,4.3556829718670804e-09,-0.03815157293131161,-9.891423634894209e-06,2.0104376519960487,7.279594588032367,0.9963530269876003,0.99981765134938,0,3.0885248486130596e-27,2373855622.0421095,86.5835623999883
4,alongtrack,0.001,ukf,17570.0,7.354439081940162e-05,17570.0,7.354439081940162e-05,17570.0,True,0,1.0,0.029547301007037115,1.2620064715369322e-05,1.6653281997452552e-07,5.990475301730065,112.50138275058848,4.073370576139087,112.73437480638103,5.745249680766672e-09,4.353993577013738e-12,0.010960292464148896,2.8206560280601564e-06,1.9748692740686025,5.635775318464304,0.9961706783369803,1.0,0,3.423151117409107e-31,2356435317.891326,85.90197969999281
4,alongtrack,0.008,ukf,17570.0,7.35401098169173e-05,17570.0,7.35401098169173e-05,17570.0,True,0,1.0,0.029527194442940254,1.2766850506285895e-05,1.6709646808188972e-07,9.789590601453947,112.33911418100537,4.878846961473291,112.87034954668347,4.462748221984557e-08,3.3137854192777954e-11,0.012465910207737064,3.614337005450385e-06,1.9739145330365648,5.509727600901469,0.9959883296863603,1.0,0,2.2143144476090478e-29,2343857704.7045417,86.1833120000083
4,alongtrack,0.1,ukf,17630.0,7.381590487709185e-05,17630.0,7.381590487709185e-05,17630.0,True,0,1.0,0.02963873598942782,1.2661292670244445e-05,1.6929988913984705e-07,37.780653207399155,141.48051993715225,10.835432153262232,146.83842095450575,5.799067252227057e-07,4.430374658046118e-10,0.020408698712814973,2.246424299639629e-06,1.9739741947538711,5.400047266387838,0.9959883296863603,1.0,0,3.5065878015113046e-27,2328894211.52945,85.55476040000212
5,alongtrack,0.001,ukf,17540.0,7.336787128973938e-05,17540.0,7.336787128973938e-05,17540.0,True,0,1.0,0.02948461726551887,1.2484941858981177e-05,1.6462733099637316e-07,2.3891412952978963,33.20438682384873,1.372052612120842,33.31849079485902,8.23968267271082e-09,1.3542882314097984e-11,-0.00033670694945565254,2.690315622510035e-06,2.020356372435284,7.112696142957993,0.9958059810357404,1.0,1,3.392007896682445e-31,2357472804.9315624,85.92212679999648
5,alongtrack,0.008,ukf,17530.0,7.313104039644674e-05,17530.0,7.313104039644674e-05,17530.0,True,0,1.0,0.029396502915793946,1.2706664006782921e-05,1.6702851972737822e-07,13.509745658094674,78.96452624082882,5.870228375277249,80.32664074491639,7.464548812905474e-08,1.2043381343063164e-10,0.010394680959144996,8.428004574923864e-06,2.020370817745469,7.082296946578942,0.9958059810357404,1.0,0,2.2014285154050848e-29,2354852458.175759,85.29688179999357
5,alongtrack,0.1,ukf,17460.0,7.247261316871488e-05,17460.0,7.247261316871488e-05,17460.0,True,0,1.0,0.02894473579742111,1.2666828853773578e-05,1.6678906431048426e-07,49.53673871206616,130.67007345050777,15.649949642396264,140.61819761893602,9.370571025779959e-07,1.500070528808317e-09,0.02363239277971893,1.7182028849030087e-05,2.020423288381475,7.0422225666867035,0.9958059810357404,1.0,0,3.418802480164382e-27,2355242526.067173,86.03642499999842
6,alongtrack,0.001,ukf,17570.0,7.336826045830716e-05,17570.0,7.336826045830716e-05,17570.0,True,0,1.0,0.029556547891117974,1.2335139013833161e-05,1.6395926435937612e-07,2.4493929595926938,47.232417442712645,1.5442928136869014,47.32109068531253,7.11853124770097e-08,7.935752478571346e-11,-0.004288793133802066,-1.483021715663758e-06,2.013209347762441,9.443334125460051,0.9963530269876003,0.9287016776075857,0,3.3978158714427428e-31,2342676187.916371,79.56761159998132
6,alongtrack,0.008,ukf,17570.0,7.324633110086969e-05,17570.0,7.324633110086969e-05,17570.0,True,0,1.0,0.029547779183508066,1.2188319280371182e-05,1.6218868748587922e-07,11.986549931099015,81.60524548315973,5.419022024852951,82.65869143244001,5.684695858634108e-07,6.333194447834134e-10,-0.010518825224889644,-3.337082716947283e-06,2.0130909275747797,9.453848330014662,0.9963530269876003,0.9277899343544858,0,2.1524415856614804e-29,2348911808.2121897,79.55587189999642
6,alongtrack,0.1,ukf,17540.0,7.315173516091412e-05,17540.0,7.315173516091412e-05,17540.0,True,0,1.0,0.029458103114657602,1.2205040290270619e-05,1.6087497488884692e-07,33.19077412232522,102.44972950846997,11.53616565184778,108.30816073198154,6.928133518846639e-06,7.700769618000343e-09,-0.019704616874878945,-3.020655018207299e-06,2.013044214847709,9.517823398728805,0.9959883296863603,0.9268781911013858,0,3.2024929684603467e-27,2350984999.8446155,79.82705150000402
7,alongtrack,0.001,ukf,17580.0,7.340233718589754e-05,17580.0,7.340233718589754e-05,17580.0,True,0,1.0,0.029556403080144223,1.2555303161631145e-05,1.6590878242914597e-07,4.330803515376359,87.62485021756335,2.790806811360751,87.77618604950631,6.384423926664649e-09,6.9503763351323744e-12,0.008515128285399324,1.7566110541252835e-06,2.047315842806233,6.801515232762331,0.9961706783369803,1.0,0,3.3289136346538737e-31,2414859100.7303777,79.8503024999809
7,alongtrack,0.008,ukf,17590.0,7.355036238865688e-05,17590.0,7.355036238865688e-05,17590.0,True,0,1.0,0.029608965691279087,1.2851209409846823e-05,1.672616796918364e-07,12.68116728807632,103.38997138184727,5.849443525388886,104.32887508108237,4.7078491581075025e-08,6.419067453615203e-11,0.010773794732917796,1.600545580790655e-06,2.0470862836404495,6.793374285263179,0.9961706783369803,1.0,0,2.1993751927802083e-29,2340563703.474441,79.38904919999186
7,alongtrack,0.1,ukf,17580.0,7.314361972730874e-05,17580.0,7.314361972730874e-05,17580.0,True,0,1.0,0.029543433888557374,1.247963476693118e-05,1.6606138601141368e-07,35.863954965105236,96.61652839710852,9.960515495047304,103.53834407684649,5.830890565532998e-07,8.402200989411868e-10,0.0070797133461294424,7.226721059317394e-07,2.047068582222503,6.672452813231449,0.9961706783369803,1.0,0,3.3100352172023135e-27,2355891562.742152,79.58532310000737
8,alongtrack,0.001,ukf,17580.0,7.356821099320114e-05,17580.0,7.356821099320114e-05,17580.0,True,0,1.0,0.029574114565434934,1.2402183168570661e-05,1.66419287312914e-07,5.2232975857607515,138.48330623885607,3.610324522381912,138.62879710821673,3.144668617524404e-08,4.253032100266102e-11,0.013202141098597336,2.0464278595428655e-06,2.0098163531567588,7.8997639106715605,0.9970824215900802,0.9981765134938001,0,3.4844204105437233e-31,2317584047.334775,79.73221760001616
8,alongtrack,0.008,ukf,17610.0,7.410322986404211e-05,17610.0,7.410322986404211e-05,17610.0,True,0,1.0,0.029695862619101676,1.2818817913066638e-05,1.6995992106511288e-07,20.942151340543052,169.57533550704343,9.306349466704312,171.11684971239094,2.566214460727751e-07,3.4927822887166767e-10,0.02368525442441092,2.3633310425924145e-06,2.009073692828016,7.717591635027473,0.9974471188913202,0.9981765134938001,0,2.250629335858636e-29,2341446783.9588737,79.35110950001399
8,alongtrack,0.1,ukf,17660.0,7.684135487329428e-05,17660.0,7.684135487329428e-05,17660.0,True,0,1.0,0.03024823276225554,1.2699765548575172e-05,1.7426363669819116e-07,51.676852042297334,203.49881686112923,19.611775969163137,210.87173176494176,3.288362900733504e-06,4.5226381788648445e-09,0.035990676135181005,-3.5019083153861006e-06,2.0087748993606738,7.271572063717184,0.9972647702407003,0.9981765134938001,0,3.747348397147987e-27,2369306392.9574986,78.98085280001396
9,alongtrack,0.001,ukf,17570.0,7.330263533712863e-05,17570.0,7.330263533712863e-05,17570.0,True,0,1.0,0.029561812328363708,1.2345335454791543e-05,1.6336837101725417e-07,4.318569380484803,111.35559029795006,3.0652393907585864,111.48144789435428,3.346237376291964e-08,2.3851845531373238e-11,-0.010280448218791717,-2.9460317079611357e-06,2.009606799193387,4.2317126205542,0.9976294675419402,1.0,0,3.3787867993014467e-31,2344476339.8550825,78.29127359998529
9,alongtrack,0.008,ukf,17550.0,7.341549094139596e-05,17550.0,7.341549094139596e-05,17550.0,True,0,1.0,0.02952673851204957,1.1978713910274799e-05,1.6142349152406353e-07,12.496310825267086,164.33107975828665,7.055792581034003,164.95649659141233,2.708414763868108e-07,1.9414642179860857e-10,-0.016663465841576436,-4.535281738336147e-06,2.0093129132977885,4.215454376207884,0.9976294675419402,1.0,1,2.155700869941754e-29,2344354333.0447764,78.73810249997769
9,alongtrack,0.1,ukf,17440.0,7.487790200664143e-05,17440.0,7.487790200664143e-05,17440.0,True,0,1.0,0.02941676709908053,1.1791167927772539e-05,1.576316237339591e-07,39.70143773435853,219.81774654203363,13.96269336618362,223.81019337606352,3.4091363407385117e-06,2.445184645774061e-09,-0.028635547776027104,-4.897227422829328e-06,2.0093898506453143,4.284048991474662,0.9976294675419402,1.0,0,3.417174538684999e-27,2392063043.919866,78.5879953999829
0,crosstrack,0.001,ukf,17510.0,0.00021574111944030412,18590.0,9.993134271331567e-05,20470.0,True,1,0.952597750401714,0.059003421542946854,1.835261364556309e-05,6.940333961397724e-07,1.6112812874506555,2.9820015475848147,56.00371073135577,56.10618661340709,3.61647665531846e-08,3.0947618058978994e-11,0.003982045373320344,4.8060647119467686e-06,2.0210799551470986,6.57383840321068,0.9972647702407003,1.0,0,1.991484934312615e-31,4997451822.666196,78.68993120000232
0,crosstrack,0.008,ukf,17510.0,0.0002154624752051679,18590.0,9.975533708249368e-05,20480.0,True,1,0.9520621317621853,0.05883708529625579,1.820331360618688e-05,6.891871090200902e-07,8.223891299719595,10.179800658167924,102.87439174046811,103.70342909239277,2.8365996898150327e-07,2.4204700565575157e-10,0.010198312361888619,8.98646441651702e-06,2.0215499679559388,6.572932636101938,0.9974471188913202,1.0,0,1.2359137334219855e-29,5080410182.3771305,78.64342819998274
0,crosstrack,0.1,ukf,17490.0,0.00021682262427258857,18590.0,9.936990487254963e-05,20500.0,True,1,0.9502141327623126,0.05853740978517527,1.8589324946122955e-05,6.867544233275271e-07,44.50247376361465,21.727496886927977,172.25470207830156,179.23235388773168,3.591236798801481e-06,3.0906505272058033e-09,0.026790017644315385,1.938140750610901e-05,2.021822166209504,6.388493070734961,0.9972647702407003,1.0,0,1.7521227581035576e-27,5266921309.376961,79.23783060000278
1,crosstrack,0.001,ukf,17510.0,0.00021579981494860098,18590.0,9.996953378091795e-05,20480.0,True,1,0.9523299410819497,0.059019720283233365,1.838334211331199e-05,6.945679365234245e-07,1.4358683488318091,2.7098633114929505,56.80224730919613,56.8849749622625,1.3715501904993974e-08,8.488778952543227e-12,0.003227703513494018,2.8440680593697492e-06,2.022111233310544,10.304411802046154,0.9981765134938001,0.9288840262582057,1,1.9618862619532945e-31,5070751283.801044,78.96023930000956
1,crosstrack,0.008,ukf,17510.0,0.0002158897768689775,18590.0,9.996603674090562e-05,20480.0,True,1,0.9520621317621853,0.05903965730280309,1.8527183549130312e-05,6.957116402701455e-07,5.288781537721865,1.8254446144206007,41.544916438552995,41.919965888349864,1.1005271094099947e-07,6.773083234285833e-11,0.0020277050664485557,3.998039583791237e-06,2.016149134067911,9.257519580080302,0.9981765134938001,0.9923413566739606,0,1.2636024635432276e-29,5036589959.22676,76.77017480001086
1,crosstrack,0.1,ukf,17500.0,0.0002164533602185631,18590.0,9.938016210736677e-05,20510.0,True,1,0.9507362784471218,0.058670466121324975,1.9000013768470008e-05,6.88817981919611e-07,32.33793098218617,11.45420955989337,132.96103649862692,137.3156142747058,1.4667420982661264e-06,9.043495887296825e-10,0.018645989315506675,-1.1861613279494693e-06,2.0164968939951016,12.19299517348751,0.9983588621444202,0.7828227571115973,1,1.769795421024497e-27,5341848167.850216,76.64656620001188
2,crosstrack,0.001,ukf,17510.0,0.00021572984744936156,18590.0,9.995424928569843e-05,20480.0,True,1,0.9523299410819497,0.05891655903222623,1.828823655847309e-05,6.91110956342998e-07,2.55638887594514,5.206143545075599,102.25537361368067,102.41972704303798,8.168024790367161e-09,6.674190816500211e-12,0.0056304570203811605,3.414740113176299e-06,2.023447412521853,6.643845090497232,0.9974471188913202,0.9952589350838804,0,1.9310231536039367e-31,5121354862.080875,76.69939799999702
2,crosstrack,0.008,ukf,17510.0,0.00021571246807893058,18590.0,9.998190091580085e-05,20480.0,True,1,0.9520621317621853,0.05881494807817204,1.8331806051262257e-05,6.876634883821326e-07,7.269155341362786,9.7997092750998,135.8339449769145,136.38084736958038,6.398212931573824e-08,5.815435190665754e-11,0.009127081840967107,4.643245840333214e-06,2.021821744413656,6.623415352428815,0.9974471188913202,0.9961706783369803,0,1.2424826249168716e-29,5072940294.360927,76.3783267000108
2,crosstrack,0.1,ukf,17500.0,0.00021746501333269936,18610.0,9.901172797710938e-05,20530.0,True,1,0.9496653279785809,0.0585199266101696,1.936918549096429e-05,6.853432259362563e-07,45.49775151676088,17.76426797998952,157.92768267175367,165.30809890630258,8.356691548546989e-07,7.396020442331948e-10,0.024131469827219528,1.1631380570706904e-05,2.020851135771926,7.10380138537907,0.9974471188913202,0.9941648431801605,0,1.8754654136075455e-27,5211468312.645511,76.73430869998992
3,crosstrack,0.001,ukf,17510.0,0.00021589269683592552,18600.0,9.904584343506281e-05,20480.0,True,1,0.9523299410819497,0.05904536399625865,1.841807665058528e-05,6.954536386576162e-07,1.0993186899250587,1.6089725428511075,24.562567111479346,24.63974426270683,4.126142959020274e-08,4.414777167204695e-11,0.0014509871345614652,-4.517425092546087e-07,2.008822200180976,6.513918067363908,0.9963530269876003,1.0,0,1.9565063997457702e-31,5088688971.040084,76.35020049999002
3,crosstrack,0.008,ukf,17510.0,0.00021580117744652387,18590.0,9.99541975599692e-05,20480.0,True,1,0.9523299410819497,0.059013881520555055,1.844115101702332e-05,6.941399418247094e-07,4.568005209477102,5.16746518205671,53.01304246399787,53.459817052541624,3.198869217906064e-07,3.4147678422328825e-10,0.002632762239875988,-1.3461472542755055e-06,2.0089133674410857,6.496738049197098,0.9963530269876003,1.0,0,1.2510152740679743e-29,5066316376.605898,76.00742119998904
3,crosstrack,0.1,ukf,17510.0,0.00021507581298976867,18580.0,9.998916830588088e-05,20460.0,True,1,0.9528655597214784,0.059028304227357165,1.855554212456302e-05,6.936868984742929e-07,10.946759243737034,6.337537840311127,42.38432172656189,44.23151198001742,3.9020922472605e-06,4.138383601383277e-09,0.0014665221258126579,-1.4825089772064285e-06,2.0090580712410353,6.920797130388214,0.9963530269876003,1.0,1,1.821749577338976e-27,5107477216.9499,75.744658599986
4,crosstrack,0.001,ukf,17510.0,0.00021588162992451868,18600.0,9.90495965245787e-05,20480.0,True,1,0.9523299410819497,0.05903527013135985,1.8407285261035274e-05,6.950283845091107e-07,1.1370324854210403,1.983057663889596,38.24013872379828,38.3084007782438,1.592145007155163e-08,1.7857187045776913e-11,0.0023756142821202515,-3.918159108335038e-08,1.9723001344772138,5.34172508267151,0.9959883296863603,1.0,0,2.0001985603089454e-31,4984576873.811233,64.71224169997731
4,crosstrack,0.008,ukf,17510.0,0.00021581120811949985,18600.0,9.904855350589066e-05,20480.0,True,1,0.9523299410819497,0.058985188600970385,1.8410282341119483e-05,6.93445022662601e-07,3.833261530379672,4.124787038498274,50.115501568768785,50.430856224761044,1.1766182394784517e-07,1.308004569799659e-10,0.003992998371517922,-8.403617697064332e-07,1.97232110333246,5.218632923489899,0.9959883296863603,1.0,0,1.2642232705077439e-29,5049803164.536414,64.79664829999092
4,crosstrack,0.1,ukf,17510.0,0.0002151967092274092,18590.0,9.999300127597702e-05,20480.0,True,1,0.9520621317621853,0.058826449578899,1.8646092588452077e-05,6.913188798723333e-07,19.45846634384119,9.752145850424775,80.29736300686889,83.19496839953266,1.4946795260847322e-06,1.6608483368952685e-09,0.010902231779926953,-1.8113378562636386e-06,1.972884134435814,5.406773564396766,0.9959883296863603,1.0,0,2.033068731156738e-27,5028415819.950455,64.53131630001008
5,crosstrack,0.001,ukf,17510.0,0.00021593354953589598,18600.0,9.907755034680509e-05,20480.0,True,1,0.9523299410819497,0.05906370720507079,1.843267014336607e-05,6.960516581396517e-07,1.187728771183015,2.012600915302008,32.608130016499125,32.69176356899519,1.210943447810891e-08,2.2594870804330785e-11,0.0005982032520860345,-1.9979909708452672e-07,2.0185809053405603,7.045025843197554,0.9956236323851203,1.0,1,2.000652590904305e-31,4992062839.779697,64.65682350000134
5,crosstrack,0.008,ukf,17510.0,0.0002159309010807699,18600.0,9.912465326630894e-05,20480.0,True,1,0.9520621317621853,0.05901063833345396,1.8428202677170698e-05,6.946994675244475e-07,3.305010875165529,2.9455179266942135,37.3349035935558,37.59646524716846,1.039975171723174e-07,1.911860782526667e-10,0.0027068636318043787,-3.007298886156892e-07,2.0181522240748415,6.950585495714674,0.9956236323851203,1.0,0,1.274980813709527e-29,5029282851.793566,64.8773813000007
5,crosstrack,0.1,ukf,17510.0,0.00021569870989380965,18600.0,9.946169596137474e-05,20490.0,True,1,0.9512587038028923,0.05881302196794138,1.8898235025642114e-05,6.926180150826294e-07,30.060961160945727,10.816586841252805,84.54723111793689,90.3819352886631,1.343770250376112e-06,2.4618853052572773e-09,0.015103122638643602,8.04869132695272e-07,2.018450134734846,6.837848080567398,0.9952589350838804,1.0,0,2.067423695221197e-27,5116946541.150265,64.91650839999784
6,crosstrack,0.001,ukf,17520.0,0.0002151955484093736,18600.0,9.915577501736721e-05,20470.0,True,1,0.9525850522368069,0.05919857004044844,1.857048550298396e-05,7.007161761642577e-07,1.6841444492011954,3.24320192158591,78.00385677861533,78.0894126855151,4.5302803339831794e-08,4.3007968421454815e-11,-0.0038420156982473174,-1.8071463790543192e-06,2.014823122290359,7.164873669254643,0.9961706783369803,0.987782640408461,1,1.9908366359539674e-31,5056597183.875864,65.63292629999341
6,crosstrack,0.008,ukf,17520.0,0.000215420866712331,18600.0,9.931097101577188e-05,20480.0,True,1,0.9523171711759979,0.05929554818525983,1.8802642929032757e-05,7.046151281854795e-07,7.590438966834721,7.491804022072447,101.42607731838824,101.98524918540943,3.642459146644718e-07,3.452143712962469e-10,-0.006966790051188638,-1.8410381966571302e-06,2.014772494096014,7.154877137580645,0.9961706783369803,0.987782640408461,0,1.2888775613002877e-29,5036770835.043459,65.41292259999318
6,crosstrack,0.1,ukf,17530.0,0.00021598074017840314,18610.0,9.951083849796895e-05,20490.0,True,1,0.9523043944265809,0.05954310715273339,1.9795621699201014e-05,7.117810218380659e-07,22.836532342993767,16.50719347983011,140.9197627782096,143.70933924940303,4.612984057507621e-06,4.366249470282323e-09,-0.016554792077572978,-4.685481055651336e-06,2.0147083829267816,7.630824924717699,0.9959883296863603,0.988147337709701,0,2.0604958959798677e-27,5055283775.673345,63.91896430001361
7,crosstrack,0.001,ukf,17510.0,0.00021591313755660318,18600.0,9.906468264944467e-05,20480.0,True,1,0.9523299410819497,0.05905504360497237,1.8426438880652136e-05,6.957316717061865e-07,0.9411553449378857,1.4226361772854017,36.96001991607602,36.999361336014466,1.6174135027180053e-08,1.0261170231387679e-11,0.0019119556606542638,-3.0183101138487505e-07,2.0465869861838635,6.657755377717508,0.9965353756382203,1.0,0,1.8892440624203892e-31,5292759831.534125,63.79568290000316
7,crosstrack,0.008,ukf,17510.0,0.0002158464385144415,18600.0,9.904842202928671e-05,20480.0,True,1,0.9520621317621853,0.05894921051282937,1.8411766316271165e-05,6.925018157290729e-07,5.70242866403244,6.0582774270752,61.71341640961534,62.27171254268159,1.340388747449207e-07,8.746740346162115e-11,0.005453041506459319,1.1053291940503132e-06,2.0468460512726434,6.554222904842028,0.9965353756382203,1.0,0,1.251432418725587e-29,5074415537.409557,64.0455969000177
7,crosstrack,0.1,ukf,17510.0,0.00021634263902208927,18600.0,9.9636147671359e-05,20500.0,True,1,0.950990894483128,0.05889576764993063,1.956974430826926e-05,6.948405630256137e-07,28.208534030993402,11.084591657211837,89.18721742577125,94.19633388055311,1.6678479909185733e-06,1.0867175970260334e-09,0.012662963464311398,1.9826893111121425e-06,2.0468422376073856,6.511567456674128,0.9965353756382203,1.0,0,1.985655865771559e-27,5041272813.072538,63.90250759999617
8,crosstrack,0.001,ukf,17520.0,0.0002151985701895154,18600.0,9.916834430547623e-05,20480.0,True,1,0.9523171711759979,0.05915753494148342,1.85113043961528e-05,6.990327368985906e-07,1.0244105581430745,1.5653006569302033,28.26064439848594,28.322492915629727,2.4626998610565193e-08,3.093202554418412e-11,-0.002072629680579512,-3.4533932043709354e-06,2.008638243159065,8.211345303728342,0.9978118161925602,0.9990882567469,0,2.020698997674079e-31,4975543244.994039,63.974237699992955
8,crosstrack,0.008,ukf,17520.0,0.00021546501654074742,18600.0,9.934172836193848e-05,20470.0,True,1,0.9528529332976159,0.05931411462886761,1.8649066243370432e-05,7.035164048892136e-07,7.239338790676892,6.425153326632159,70.30036914684686,70.9635999902758,1.978896846514096e-07,2.4929252722945726e-10,-0.0077627952873122255,-7.790374050931445e-06,2.008786015204507,8.083572942959009,0.9974471188913202,0.9990882567469,0,1.3097835546589096e-29,4990401779.019098,63.60767909997958
8,crosstrack,0.1,ukf,17560.0,0.00021261993739405286,18600.0,9.983650747436584e-05,20410.0,True,1,0.9570930544381872,0.06014887162832655,2.0575819246040305e-05,7.19450795384296e-07,94.86358076151787,25.328546213847215,238.02882843519566,257.48467405738114,2.6930811599671008e-06,3.4165054832888275e-09,-0.03847337346636093,-2.3453235358908087e-05,2.0095556479737127,7.710599400787964,0.9978118161925602,0.9990882567469,0,2.4013576903721902e-27,4775865021.690009,63.893037300003925
9,crosstrack,0.001,ukf,17510.0,0.000215921720520831,18600.0,9.904613526746485e-05,20470.0,True,1,0.952597750401714,0.059104780432754814,1.8448876204553263e-05,6.974108864896252e-07,0.6204662112391535,0.9099241490471407,22.248897582385187,22.276139340284573,4.5491648547797537e-08,2.9074815411001835e-11,-0.000654040144951774,1.4504294298925676e-06,2.0095707705565404,3.7594929516113056,0.9976294675419402,1.0,0,1.9991843453858085e-31,5013378242.695643,63.784359700017376
9,crosstrack,0.008,ukf,17510.0,0.00021590836412095995,18600.0,9.901463552766677e-05,20470.0,True,1,0.952597750401714,0.05909355876656983,1.849144010352571e-05,6.970845568493071e-07,2.650200308431669,1.6347300891026455,19.678195062943487,19.923033530923,3.727147137463087e-07,2.421131800717835e-10,-7.312585019599427e-07,1.987795228023991e-06,2.0096615924753913,3.7638090838482645,0.9976294675419402,1.0,2,1.2719791119746154e-29,5017217406.675333,52.4960697000206
9,crosstrack,0.1,ukf,17510.0,0.00021617069924351965,18600.0,9.902277948167544e-05,20490.0,True,1,0.9515265131226567,0.05900201575890629,1.9028871556137866e-05,6.957528813486318e-07,19.38151867961246,6.10188648637245,45.31780268153477,49.66467079225696,4.6037893150993936e-06,3.0061313401005823e-09,0.0035646437929317517,7.180310220700488e-06,2.0096961383235272,3.8432248584023094,0.9976294675419402,1.0,0,1.949366001701858e-27,4983419600.548967,52.41739519999828
0,radial,0.001,ukf,20490.0,5.3070538235150214e-05,20490.0,5.3070538235150214e-05,20490.0,True,0,1.0,0.10938347552142184,0.0001205490204024718,6.843270762015912e-06,22.543025524975373,0.3411527497227072,0.49918234837712727,22.551132300513554,2.3567412655188754e-08,2.8105132608749744e-11,0.0004299419187514389,2.382819716140488e-06,2.0219439763860683,5.069912890529652,0.9970824215900802,1.0,0,1.6960037640682267e-31,1238973073.563175,39.29294640000444
0,radial,0.008,ukf,20500.0,5.253913869672e-05,20500.0,5.253913869672e-05,20500.0,True,0,1.0,0.10904955500316654,0.00012061883723520749,6.864227085069728e-06,31.32370339940006,2.7923815825829315,1.7434641813009097,31.49621337411554,1.9301025224221828e-07,2.3153385659175798e-10,0.0019402192388193757,6.712459964049736e-06,2.022098167174628,5.1232410892330495,0.9972647702407003,1.0,0,1.0673412637891748e-29,1263789520.9673352,39.481397099996684
0,radial,0.1,ukf,20590.0,5.191266987020438e-05,20590.0,5.191266987020438e-05,20590.0,True,0,1.0,0.10905081853707974,0.00011891305464508927,6.936127830205297e-06,62.47901351063464,21.316582635545284,7.603404123432916,66.45175376755931,2.189113367341354e-06,2.6457905510751077e-09,0.005224259282938631,1.90259389075659e-05,2.022103533061055,5.062582711403076,0.9972647702407003,1.0,0,1.4712211775555756e-27,1316111154.7151651,39.17223820000072
1,radial,0.001,ukf,20500.0,5.299537178834681e-05,20500.0,5.299537178834681e-05,20500.0,True,0,1.0,0.10933609860359599,0.00012713339775979017,6.8499617836064904e-06,35.43805874315678,0.2764504037856457,0.6139025908823166,35.44445384965434,7.937357488334882e-09,9.526335457473588e-12,0.0015444485645612941,6.19396939815429e-08,2.0133360997472223,7.474254797294232,0.9983588621444202,0.9917943107221007,0,1.6545800441994457e-31,1261221987.9239564,39.12836309999693
1,radial,0.008,ukf,20510.0,5.282787012931324e-05,20510.0,5.282787012931324e-05,20510.0,True,0,1.0,0.10910119791852113,0.00012713339775979017,6.863836034629378e-06,43.76420784508001,2.019306286266592,1.928038248341279,43.85317340480829,6.034478492188318e-08,7.0139872503607e-11,0.0034901688061718446,1.1024333993654784e-06,2.0139705016800695,7.592296744694203,0.9983588621444202,0.9879649890590809,0,1.055120272069374e-29,1247454475.6622837,39.32563050001045
1,radial,0.1,ukf,20720.0,5.3415569232229545e-05,20720.0,5.3415569232229545e-05,20720.0,True,0,1.0,0.10882825281291812,0.00012713339775979017,6.987580641495721e-06,86.98435350393747,26.03002652235405,11.90231821301865,91.57240421708043,4.0781734120426475e-07,3.2368016007028523e-10,0.01614842243032307,1.6496976041559488e-05,2.0140100279243476,6.779328734007766,0.9981765134938001,0.9967177242888403,0,1.4219408596653824e-27,1018353250.1621926,39.26830299998983
2,radial,0.001,ukf,20490.0,5.2823759697546264e-05,20490.0,5.2823759697546264e-05,20490.0,True,0,1.0,0.10916182650581177,0.00012817127456790102,6.854755414174061e-06,49.23983326013646,0.2738301922570443,0.7338425481631671,49.24606265830525,2.319645409956531e-09,3.796186578711139e-12,0.0022606859776108353,8.207862412060216e-07,2.020558981224008,6.642952808896336,0.9974471188913202,0.99945295404814,0,1.6576955556134022e-31,1274524425.5567925,39.28597130000708
2,radial,0.008,ukf,20500.0,5.2470707196613645e-05,20500.0,5.2470707196613645e-05,20500.0,True,0,1.0,0.1089821083032891,0.00012817127456790102,6.867959385348882e-06,62.96013991316247,1.7432137837770907,1.9338562485292827,63.01394934592595,7.394688119506278e-09,1.2933196618968749e-11,0.0037415031810723682,1.8629650007854574e-07,2.0197930793291343,6.562963534134581,0.9974471188913202,0.99945295404814,0,1.0110703014744853e-29,1352154680.7057514,39.093165600002976
2,radial,0.1,ukf,20520.0,5.1319751495274945e-05,20520.0,5.1319751495274945e-05,20520.0,True,0,1.0,0.10873843369871877,0.00012817127456790102,6.921572340721265e-06,87.77633689841535,11.902248773552644,6.21856014582906,88.79763136175953,3.9802410623151934e-07,6.885811277214774e-10,0.006810524207639751,-8.797343486464648e-08,2.0192436068296487,6.5062512924126885,0.9974471188913202,0.99945295404814,0,4.815850138242021e-28,4857938255.289157,50.33154059998924
3,radial,0.001,ukf,20500.0,5.3534384547643016e-05,20500.0,5.3534384547643016e-05,20500.0,True,0,1.0,0.10981112569078413,0.00012150630765733103,6.835284949364926e-06,13.994213230848166,0.48633768207138783,0.6061026139511451,14.015772853113985,8.27729747200821e-09,1.0984850754192994e-11,-0.0002844433924985317,-2.5783700557553154e-06,2.0106296926958085,5.589108762890498,0.9967177242888403,0.99981765134938,0,1.6649865298283902e-31,1232609264.5772836,50.20496649999404
3,radial,0.008,ukf,20480.0,5.449747779462899e-05,20480.0,5.449747779462899e-05,20480.0,True,0,1.0,0.11042662867235352,0.00012150630765733103,6.804946219950105e-06,51.16646550614516,3.830527263433703,4.069537306054975,51.47078069538895,7.96089329885135e-08,1.0413789680994379e-10,-0.0032390960510626727,-9.040407489525976e-06,2.0107016593335056,5.637367266737937,0.9967177242888403,0.99945295404814,0,1.1096495381052548e-29,1168484381.400075,50.39531719998922
3,radial,0.1,ukf,20340.0,5.562380565855356e-05,20340.0,5.562380565855356e-05,20340.0,True,0,1.0,0.11053206109973729,0.00012150630765733103,6.7062852174632556e-06,106.00648444455732,27.464977558992462,12.880531866362077,110.26154287769828,1.6255024613232111e-06,2.0201594509140346e-09,-0.011121097013841357,-2.2742755315159786e-05,2.0102517449476407,5.6660075171422815,0.9967177242888403,1.0,0,2.0630697403263085e-27,1039960617.4862645,50.625079699995695
4,radial,0.001,ukf,20500.0,5.362162655720227e-05,20500.0,5.362162655720227e-05,20500.0,True,0,1.0,0.1099211914307015,0.0001163474315493565,6.835586877579422e-06,36.925355001936495,0.49451630129914714,0.6274748032778236,36.933996710619276,4.4886454654507495e-09,7.204085009601438e-12,-0.00151896521049566,-2.5030925718707175e-07,1.9727227181336504,5.640976848522403,0.9959883296863603,1.0,0,1.694614247288372e-31,1209162414.6289818,50.34613900000113
4,radial,0.008,ukf,20500.0,5.397907803234982e-05,20500.0,5.397907803234982e-05,20500.0,True,0,1.0,0.1102970591971583,0.0001163474315493565,6.835292005481903e-06,61.747168832677616,3.7301213747822417,2.7044064094136844,61.91882168088374,3.507814262887937e-08,6.053970736885141e-11,-0.0031120568025963706,5.371449560302051e-07,1.97289418444895,5.7296430680640595,0.9959883296863603,1.0,0,1.067968661763251e-29,1215194224.603729,50.378353600011906
4,radial,0.1,ukf,20530.0,5.439914579779016e-05,20530.0,5.439914579779016e-05,20530.0,True,0,1.0,0.11137984104040174,0.0001163474315493565,6.827277338838641e-06,106.63319414362518,23.332094426064156,9.938814507437353,109.60750319842195,4.407658975705764e-07,7.235448775309311e-10,-0.0051484048638447645,-4.165984949986289e-07,1.9727638148957956,5.764251945519803,0.9961706783369803,1.0,0,1.8177930083356543e-27,1089638972.4668863,50.39114110000082
5,radial,0.001,ukf,20490.0,5.2943145799005625e-05,20490.0,5.2943145799005625e-05,20490.0,True,0,1.0,0.1092330577086042,0.00012652045284647877,6.8472216541297666e-06,38.816742429759195,0.4570766612072716,0.7973379891172196,38.827621093770055,1.6954130341495093e-08,2.3356571979437798e-11,0.0014688655516146474,1.1644865307747167e-06,2.019601984933907,9.73299182134851,0.9963530269876003,0.9547775346462436,0,1.6605417896992066e-31,1266468701.6280437,50.67991649999749
5,radial,0.008,ukf,20480.0,5.329378360116419e-05,20480.0,5.329378360116419e-05,20480.0,True,0,1.0,0.10923157859664948,0.00012652045284647877,6.837437268230836e-06,44.23011816822838,2.710618958245862,2.354697595696624,44.37561728110864,1.3516756323102055e-07,1.8409645228765442e-10,0.0008583170254892815,2.621257743458109e-07,2.0193012548080618,9.75796567733329,0.9963530269876003,0.9535010940919038,0,1.0844285555834241e-29,1223687612.168454,58.95683960002498
5,radial,0.1,ukf,20550.0,5.421470833732454e-05,20550.0,5.421470833732454e-05,20550.0,True,0,1.0,0.10846689331678103,0.00012652045284647877,6.879025362183778e-06,75.06290831670397,7.341675734579605,5.2517353849621475,75.60371110009936,1.4824539294355323e-06,2.0218905577741156e-09,0.004326045335768764,4.205818752671848e-06,2.0192550099020194,9.786255326746057,0.9963530269876003,0.9535010940919038,0,1.573050220307187e-27,1076441302.4200487,58.68465989999822
6,radial,0.001,ukf,20490.0,5.288856043476187e-05,20490.0,5.288856043476187e-05,20490.0,True,0,1.0,0.10921408014393814,0.00012443830844054873,6.850586771558317e-06,40.35777749169173,0.3965181730493636,0.8465098815099217,40.36860178046735,3.987414517989976e-08,5.197941270145275e-11,0.0019980177051889124,1.3990028562219185e-06,2.0128926511637815,7.956118203642104,0.9956236323851203,1.0,0,1.6510521765074437e-31,1274233025.5065944,59.10896059998777
6,radial,0.008,ukf,20500.0,5.22942084198751e-05,20500.0,5.22942084198751e-05,20500.0,True,0,1.0,0.1088003693140072,0.0001241208882889755,6.872755940247665e-06,72.10400301137547,2.786675444179126,2.758684524941079,72.21054736396744,3.122200808434442e-07,4.065273313919392e-10,0.004536417130737784,3.4065084623045857e-06,2.012886748773075,7.724283050388843,0.9956236323851203,1.0,0,1.0496720163798714e-29,1299903955.177666,58.870312199986074
6,radial,0.1,ukf,20570.0,5.141135587252196e-05,20570.0,5.141135587252196e-05,20570.0,True,0,1.0,0.10845336765913739,0.00012312946207235093,6.944433379029427e-06,117.58627720637598,17.332902435112143,9.011564859010006,119.19803016530079,3.6876948804239175e-06,4.8491474439019624e-09,0.011119083684097841,1.0678741273046768e-05,2.0130824283694255,7.2832558551929685,0.9958059810357404,1.0,0,1.4743257994893769e-27,1434841730.0432432,59.047688599996036
7,radial,0.001,ukf,20490.0,5.201149099139793e-05,20490.0,5.201149099139793e-05,20490.0,True,0,1.0,0.10850553776924438,0.0001294053092168697,6.878559391645389e-06,92.14287170137133,0.476279704906972,1.877744020589805,92.16323328930874,2.4220506100255937e-09,3.6154669338980117e-12,0.00488580995810404,4.621764590124472e-06,2.048448461198038,5.89112020148289,0.9959883296863603,1.0,0,1.6804212555381485e-31,1283578805.02222,59.11596299998928
7,radial,0.008,ukf,20510.0,5.100270363187111e-05,20510.0,5.100270363187111e-05,20510.0,True,0,1.0,0.10781480264010859,0.00012906557064334447,6.926276746993348e-06,122.85223005938074,3.1841760541962136,4.610459479645622,122.97994041436426,3.599363265356678e-08,5.4714727249623644e-11,0.008805853829515755,9.527817649783401e-06,2.047739479793099,5.904187022435302,0.9959883296863603,1.0,0,1.0469044024796598e-29,1337351901.1397028,59.035702799999854
7,radial,0.1,ukf,20650.0,4.96327899530081e-05,20650.0,4.96327899530081e-05,20650.0,True,0,1.0,0.10736243404251429,0.00012906557064334447,7.079199419074202e-06,173.68739888519707,25.960035824541567,13.12635578128705,176.10660750696994,1.06649857942547e-06,1.5703600593496253e-09,0.01844808620866906,2.3114494083922118e-05,2.047457911025993,5.769512187596162,0.9959883296863603,1.0,0,1.4371616685309686e-27,1416461467.9449573,59.061676299985265
8,radial,0.001,ukf,20500.0,5.3428071872614655e-05,20500.0,5.3428071872614655e-05,20500.0,True,0,1.0,0.10972884433390914,0.00012218768227653697,6.838302391728085e-06,23.18119874793016,0.4389142555291656,0.6795389455735541,23.195309747733415,3.030152735741228e-08,4.200296738922131e-11,-0.00029130019164628834,-1.217248942971899e-06,2.0060236344341638,6.979697767476497,0.9974471188913202,0.9961706783369803,0,1.6657380543905115e-31,1239411213.6694288,83.11831489999895
8,radial,0.008,ukf,20500.0,5.3126225960072206e-05,20500.0,5.3126225960072206e-05,20500.0,True,0,1.0,0.10945724707017983,0.00012172480300377795,6.850054802231327e-06,34.219543879255426,2.7371841241805117,1.9542561795707951,34.38442201709001,2.506739596432193e-07,3.460829346237208e-10,0.0008831240436828113,-1.1233313840667026e-06,2.0063350463796223,7.066883255354842,0.9974471188913202,0.9883296863603209,0,1.0622476138054814e-29,1256686769.2387745,83.20717560002231
8,radial,0.1,ukf,20540.0,5.2172187024290336e-05,20540.0,5.2172187024290336e-05,20540.0,True,0,1.0,0.10885204474687885,0.00012159006782976075,6.925959431899058e-06,75.99245784538509,19.04479541466422,8.987495590266635,78.85640721434186,3.049378062930768e-06,4.1917554051455525e-09,0.0047735435142734,8.27886608660122e-07,2.006349561793888,7.15832228612175,0.9972647702407003,0.9939824945295405,0,1.6782100903114202e-27,1250435303.3025455,83.70655979998992
9,radial,0.001,ukf,20490.0,5.451317508277038e-05,20490.0,5.451317508277038e-05,20490.0,True,0,1.0,0.11057750365196252,0.00011313037309127801,6.825613803934227e-06,79.56147240405262,0.3174123920814824,1.7186330090712152,79.58066562392743,1.8178857737998708e-08,1.7520018504633632e-11,-0.00428739305778587,-3.2307113933925286e-06,2.0169805348374514,3.6143681180869938,0.9976294675419402,0.9978118161925602,0,1.667519536346383e-31,1202991053.399503,83.67577160001383
9,radial,0.008,ukf,20490.0,5.469399901939042e-05,20490.0,5.469399901939042e-05,20490.0,True,0,1.0,0.1107563064669375,0.00011061344430081033,6.823421113270214e-06,92.67946023236728,1.5070918637429271,2.5667936336439676,92.72724575013767,1.545498713133654e-07,1.5345511199833605e-10,-0.0053624859756536076,-2.7875147829776103e-06,2.0124102229266194,3.5671187703331806,0.9976294675419402,1.0,0,1.0881260918274474e-29,1174297504.6833484,83.58109859999968
9,radial,0.1,ukf,20410.0,5.588454689030876e-05,20410.0,5.588454689030876e-05,20410.0,True,0,1.0,0.1121683286805917,0.00010806506494001184,6.759793229601633e-06,142.0473141960833,12.753422976622803,9.274138434376011,142.91990383302613,2.36901641170326e-06,2.391155121321747e-09,-0.013802607775458116,-1.1737849029660672e-05,2.0122592717751817,4.384024529033602,0.9976294675419402,0.9990882567469,0,1.9224676682225578e-27,1114010935.5201738,83.41424400001415
